{"type":"FeatureCollection","features":[{"type":"Feature","geometry":{"type":"MultiLineString","coordinates":[[[-73.7554,40.60399],[-73.75861,40.60225],[-73.75986,40.60145],[-73.76089,40.60057],[-73.76221,40.5991],[-73.76284,40.59861],[-73.77054,40.59397],[-73.77127,40.59363],[-73.77208,40.59339],[-73.78367,40.59218],[-73.78516,40.59216],[-73.78843,40.59237],[-73.79014,40.59231],[-73.79089,40.59219],[-73.7952,40.59115],[-73.80312,40.59018],[-73.80441,40.59027],[-73.80665,40.59079],[-73.80775,40.59121],[-73.80841,40.59166],[-73.80894,40.59222],[-73.80932,40.59288],[-73.81565,40.60768],[-73.81606,40.6088],[-73.82869,40.65699],[-73.82906,40.6579],[-73.83887,40.6782],[-73.84007,40.68027],[-73.84037,40.6806],[-73.84066,40.68077],[-73.84113,40.68087],[-73.84154,40.68086],[-73.8452,40.68023],[-73.86058,40.67926],[-73.86195,40.67891],[-73.86259,40.67865],[-73.86585,40.67649],[-73.86664,40.67617],[-73.89457,40.67214],[-73.89536,40.6723],[-73.89567,40.67249],[-73.89603,40.67289],[-73.89626,40.67345],[-73.89709,40.67665],[-73.89736,40.67716],[-73.89798,40.67766],[-73.89914,40.67802],[-73.90317,40.67839],[-73.90841,40.67821],[-73.90995,40.67823],[-73.95243,40.68055],[-73.95345,40.68067],[-73.96777,40.68368],[-73.97599,40.68689],[-73.97683,40.68697],[-73.97925,40.68672],[-73.98024,40.68682],[-73.98368,40.68798],[-73.98738,40.68941],[-73.98781,40.68976],[-73.98793,40.6901],[-73.98785,40.69049],[-73.98751,40.69109],[-73.98739,40.69154],[-73.98704,40.6974],[-73.98722,40.69824],[-73.98756,40.69871],[-73.98807,40.69905],[-73.98876,40.69924],[-73.99165,40.69939],[-73.99273,40.69957],[-73.99662,40.70068],[-73.9978,40.70114],[-73.99884,40.70168],[-73.99975,40.70229],[-74.00075,40.70322],[-74.00519,40.70883],[-74.00581,40.70924],[-74.00974,40.71123],[-74.01011,40.71157],[-74.01018,40.71196],[-74.01,40.71231],[-74.00533,40.71831],[-74.00517,40.71895],[-74.0053,40.72195],[-74.00519,40.72266],[-74.00253,40.72902],[-74.00142,40.73105],[-73.99978,40.73332],[-73.99965,40.7336],[-73.99963,40.73395],[-73.99975,40.73431],[-74.00251,40.73896],[-74.00259,40.73943],[-74.00246,40.73982],[-73.95319,40.80739],[-73.95294,40.80804],[-73.95303,40.80982],[-73.9529,40.81033],[-73.95202,40.8115],[-73.95027,40.81326],[-73.94905,40.81493],[-73.94493,40.82374],[-73.94323,40.8262],[-73.94151,40.83052],[-73.94057,40.8333],[-73.93984,40.83501],[-73.93981,40.83543],[-73.94006,40.83722],[-73.93987,40.83937],[-73.93934,40.84163],[-73.93917,40.84294],[-73.93888,40.84434],[-73.93894,40.84462],[-73.93913,40.84496],[-73.93998,40.84577],[-73.94009,40.84605],[-73.94009,40.84637],[-73.93797,40.85169],[-73.93689,40.85511],[-73.93663,40.8557],[-73.93418,40.85902],[-73.93085,40.86331],[-73.93035,40.86379],[-73.92864,40.86479],[-73.92702,40.8656],[-73.92124,40.86769],[-73.9199,40.86807]],[[-73.8258,40.68595],[-73.82844,40.68566],[-73.82915,40.68551],[-73.83373,40.6837],[-73.83658,40.68219],[-73.83759,40.68174],[-73.83857,40.68146],[-73.84104,40.68097]]]},"properties":{"kind":"line","system":"NYC Subway","ref":"A","name":"8 Avenue Express","color":"#0062CF","text_color":"#FFFFFF"}},{"type":"Feature","geometry":{"type":"LineString","coordinates":[[-73.87211,40.67538],[-73.89383,40.6722],[-73.89479,40.67215],[-73.89536,40.6723],[-73.89567,40.67249],[-73.89612,40.67306],[-73.89709,40.67665],[-73.89736,40.67716],[-73.89798,40.67766],[-73.89914,40.67802],[-73.90317,40.67839],[-73.90982,40.67822],[-73.95282,40.68058],[-73.96777,40.68368],[-73.97599,40.68689],[-73.97683,40.68697],[-73.97925,40.68672],[-73.98024,40.68682],[-73.98405,40.68811],[-73.98738,40.68941],[-73.98781,40.68976],[-73.98792,40.69001],[-73.98792,40.69029],[-73.98749,40.69114],[-73.98739,40.69154],[-73.98704,40.6974],[-73.98722,40.69824],[-73.98771,40.69884],[-73.98828,40.69913],[-73.98876,40.69924],[-73.99165,40.69939],[-73.99273,40.69957],[-73.99662,40.70068],[-73.9978,40.70114],[-73.99884,40.70168],[-73.99975,40.70229],[-74.00075,40.70322],[-74.00519,40.70883],[-74.00581,40.70924],[-74.00974,40.71123],[-74.01015,40.71164],[-74.01018,40.71196],[-74.01,40.71231],[-74.00533,40.71831],[-74.00517,40.71895],[-74.0053,40.72195],[-74.00519,40.72266],[-74.00253,40.72902],[-74.00142,40.73105],[-73.99978,40.73332],[-73.99965,40.7336],[-73.99963,40.73395],[-73.99975,40.73431],[-74.00251,40.73896],[-74.00259,40.73943],[-74.00246,40.73982],[-73.95315,40.80745],[-73.95294,40.80804],[-73.95303,40.80982],[-73.9529,40.81033],[-73.95202,40.8115],[-73.95027,40.81326],[-73.94905,40.81493],[-73.94493,40.82374],[-73.94338,40.82594],[-73.94316,40.82636],[-73.94151,40.83052],[-73.94057,40.8333],[-73.93984,40.83501],[-73.93981,40.83543],[-73.94006,40.83732],[-73.93984,40.83959],[-73.93956,40.84072]]},"properties":{"kind":"line","system":"NYC Subway","ref":"C","name":"8 Avenue Local","color":"#0062CF","text_color":"#FFFFFF"}},{"type":"Feature","geometry":{"type":"MultiLineString","coordinates":[[[-73.80111,40.70215],[-73.80803,40.70047],[-73.80955,40.6999],[-73.8115,40.69938],[-73.81265,40.69944],[-73.815,40.70011],[-73.81556,40.70047],[-73.81606,40.70104],[-73.81798,40.70495],[-73.82089,40.70972],[-73.8213,40.71019],[-73.82176,40.71052],[-73.82787,40.71292],[-73.83101,40.71444],[-73.83251,40.71538],[-73.83448,40.71679],[-73.83575,40.71753],[-73.84087,40.72007],[-73.84819,40.72337],[-73.84937,40.72415],[-73.85123,40.7257],[-73.85254,40.72644],[-73.85438,40.72722],[-73.86526,40.73119],[-73.86639,40.73169],[-73.86813,40.73264],[-73.86923,40.73311],[-73.87441,40.73468],[-73.87543,40.73511],[-73.87624,40.73566],[-73.87683,40.73633],[-73.8786,40.73965],[-73.87906,40.74033],[-73.88098,40.74182],[-73.88166,40.74226],[-73.8851,40.74399],[-73.90628,40.75299],[-73.90699,40.75317],[-73.90777,40.75323],[-73.91017,40.75302],[-73.91119,40.75304],[-73.91554,40.75375],[-73.91716,40.75385],[-73.91851,40.7537],[-73.9258,40.75213],[-73.93245,40.75192],[-73.93345,40.75168],[-73.93433,40.75126],[-73.93491,40.75083],[-73.93644,40.74941],[-73.93696,40.74908],[-73.94168,40.74739],[-73.9424,40.74726],[-73.94306,40.74729],[-73.95234,40.74907],[-73.95363,40.74943],[-73.95461,40.74979],[-73.95592,40.75041],[-73.95725,40.75118],[-73.96173,40.75433],[-73.96263,40.75484],[-73.9837,40.76373],[-73.98422,40.76384],[-73.98488,40.76372],[-73.98532,40.76337],[-74.0025,40.73974],[-74.00259,40.73936],[-74.00251,40.73896],[-73.99975,40.73431],[-73.99963,40.73395],[-73.99965,40.7336],[-73.99978,40.73332],[-74.00142,40.73105],[-74.00253,40.72902],[-74.00519,40.72266],[-74.0053,40.72195],[-74.00516,40.71895],[-74.00532,40.71831],[-74.00978,40.71258]],[[-73.92432,40.75253],[-73.92385,40.75292],[-73.91985,40.75797],[-73.91926,40.75838],[-73.91859,40.75852],[-73.91803,40.75847],[-73.91722,40.75818],[-73.90702,40.75333]]]},"properties":{"kind":"line","system":"NYC Subway","ref":"E","name":"8 Avenue Local","color":"#0062CF","text_color":"#FFFFFF"}},{"type":"Feature","geometry":{"type":"LineString","coordinates":[[-73.96138,40.57762],[-73.96015,40.57789],[-73.95968,40.57818],[-73.95467,40.5852],[-73.95437,40.58576],[-73.9542,40.58633],[-73.95405,40.58861],[-73.95432,40.59078],[-73.96141,40.62823],[-73.96191,40.63039],[-73.96453,40.64428],[-73.96455,40.64514],[-73.96442,40.64587],[-73.96149,40.65529],[-73.96139,40.65585],[-73.96139,40.6568],[-73.96245,40.66282],[-73.96293,40.66388],[-73.9764,40.68261],[-73.97668,40.68326],[-73.9775,40.6874],[-73.97781,40.68766],[-73.98061,40.68879],[-73.98112,40.68923],[-73.98343,40.69383],[-73.98393,40.69514],[-73.98524,40.69784],[-73.99477,40.71499],[-73.99492,40.71558],[-73.99481,40.71619],[-73.99191,40.72191],[-73.99169,40.72304],[-73.99181,40.72364],[-73.9921,40.72395],[-73.99255,40.72418],[-73.9962,40.7253],[-73.99757,40.72579],[-74.00202,40.72797],[-74.0023,40.72817],[-74.00247,40.72841],[-74.00253,40.7287],[-74.00249,40.72903],[-74.00131,40.73122],[-73.97963,40.76101],[-73.97951,40.76133],[-73.97952,40.76163],[-73.97967,40.76189],[-73.97995,40.76212],[-73.9837,40.76373],[-73.984,40.76393],[-73.98419,40.76416],[-73.98428,40.76441],[-73.98414,40.76499],[-73.95319,40.80739],[-73.95294,40.80804],[-73.95303,40.80982],[-73.9529,40.81033],[-73.95202,40.8115],[-73.95027,40.81326],[-73.94905,40.81493],[-73.94486,40.82386],[-73.9434,40.8259],[-73.94236,40.82721],[-73.94103,40.82926],[-73.94067,40.82961],[-73.94034,40.82982],[-73.9398,40.83001],[-73.93916,40.83011],[-73.9309,40.82997],[-73.92949,40.82971],[-73.92702,40.82839],[-73.9243,40.8275],[-73.92349,40.82735],[-73.92302,40.82736],[-73.9226,40.82746],[-73.92225,40.82765],[-73.92182,40.82811],[-73.9204,40.83104],[-73.91933,40.83272],[-73.91844,40.83377],[-73.9146,40.83769],[-73.91359,40.83899],[-73.91285,40.84047],[-73.91164,40.84405],[-73.91108,40.84501],[-73.91027,40.8458],[-73.90756,40.8478],[-73.90642,40.84893],[-73.90104,40.85564],[-73.89888,40.85921],[-73.89729,40.86215],[-73.89668,40.86305],[-73.89416,40.8661],[-73.89178,40.86919],[-73.89077,40.87011],[-73.88862,40.87147],[-73.88828,40.8718],[-73.88714,40.87324]]},"properties":{"kind":"line","system":"NYC Subway","ref":"B","name":"6 Avenue Express","color":"#EB6800","text_color":"#FFFFFF"}},{"type":"Feature","geometry":{"type":"LineString","coordinates":[[-73.98123,40.57742],[-73.98141,40.5784],[-73.98137,40.57899],[-73.98146,40.58051],[-73.98108,40.58167],[-73.98092,40.5824],[-73.9808,40.58355],[-73.9809,40.58427],[-73.98111,40.5848],[-73.98184,40.58586],[-73.9824,40.5864],[-73.98325,40.58692],[-73.98344,40.58717],[-73.9852,40.59641],[-73.98533,40.59669],[-73.98567,40.597],[-74.00101,40.60627],[-74.00141,40.60661],[-74.0016,40.60696],[-74.00184,40.60886],[-74.0018,40.60935],[-73.99538,40.63184],[-73.99435,40.63971],[-73.99425,40.64317],[-73.99405,40.64355],[-73.99297,40.64457],[-73.9928,40.64503],[-73.99293,40.64533],[-73.99324,40.64564],[-74.00515,40.65274],[-74.00534,40.65292],[-74.00539,40.65313],[-74.00519,40.65356],[-73.9924,40.66593],[-73.9839,40.67616],[-73.97817,40.68464],[-73.97798,40.68524],[-73.97838,40.68769],[-73.9788,40.68807],[-73.98068,40.68883],[-73.98112,40.68923],[-73.98343,40.69383],[-73.98393,40.69514],[-73.98524,40.69784],[-73.99485,40.71518],[-73.99492,40.71578],[-73.99477,40.7163],[-73.99191,40.72191],[-73.99169,40.72304],[-73.99181,40.72364],[-73.9921,40.72395],[-73.99255,40.72418],[-73.9962,40.7253],[-73.99757,40.72579],[-74.00202,40.72797],[-74.0023,40.72817],[-74.00251,40.7285],[-74.00253,40.72881],[-74.00245,40.72915],[-74.00131,40.73122],[-73.97963,40.76101],[-73.97951,40.76133],[-73.97952,40.76163],[-73.97967,40.76189],[-73.97995,40.76212],[-73.9837,40.76373],[-73.984,40.76393],[-73.98419,40.76416],[-73.98428,40.76441],[-73.98414,40.76499],[-73.95319,40.80739],[-73.95294,40.80804],[-73.95303,40.80982],[-73.9529,40.81033],[-73.95202,40.8115],[-73.95027,40.81326],[-73.94905,40.81493],[-73.94486,40.82386],[-73.9434,40.8259],[-73.94236,40.82721],[-73.94095,40.82936],[-73.94021,40.82987],[-73.93916,40.83011],[-73.93074,40.82996],[-73.92937,40.82966],[-73.92702,40.82839],[-73.9243,40.8275],[-73.92349,40.82735],[-73.92302,40.82736],[-73.9226,40.82746],[-73.92225,40.82765],[-73.92182,40.82811],[-73.9204,40.83104],[-73.91933,40.83272],[-73.91844,40.83377],[-73.9146,40.83769],[-73.91359,40.83899],[-73.91292,40.84029],[-73.91164,40.84405],[-73.91118,40.84488],[-73.9104,40.84569],[-73.90793,40.8475],[-73.90707,40.84824],[-73.90642,40.84893],[-73.90099,40.85571],[-73.89892,40.85915],[-73.89734,40.86207],[-73.89678,40.86292],[-73.89416,40.8661],[-73.89167,40.86931],[-73.89077,40.87011],[-73.88894,40.87123],[-73.88828,40.8718],[-73.88683,40.87369],[-73.88585,40.87584],[-73.88549,40.87642],[-73.88503,40.8768],[-73.88466,40.87694],[-73.88403,40.87697],[-73.88355,40.87688],[-73.87886,40.87481]]},"properties":{"kind":"line","system":"NYC Subway","ref":"D","name":"6 Avenue Express","color":"#EB6800","text_color":"#FFFFFF"}},{"type":"Feature","geometry":{"type":"MultiLineString","coordinates":[[[-73.98123,40.57742],[-73.98105,40.57652],[-73.98076,40.57623],[-73.98021,40.57606],[-73.97809,40.57577],[-73.97731,40.57577],[-73.97662,40.57591],[-73.97492,40.57645],[-73.97471,40.57658],[-73.97456,40.5768],[-73.97472,40.57876],[-73.97451,40.5819],[-73.97463,40.58326],[-73.97428,40.58929],[-73.97223,40.60425],[-73.9723,40.60514],[-73.97826,40.6366],[-73.97869,40.6383],[-73.97907,40.64026],[-73.97927,40.64186],[-73.97998,40.64582],[-73.97989,40.64658],[-73.97951,40.6472],[-73.97886,40.64771],[-73.97711,40.64844],[-73.97661,40.64877],[-73.97634,40.64904],[-73.97604,40.64952],[-73.97581,40.65032],[-73.97578,40.65087],[-73.97591,40.65206],[-73.97646,40.65501],[-73.97666,40.65552],[-73.9772,40.65608],[-73.97991,40.65769],[-73.98028,40.65807],[-73.98044,40.65848],[-73.98034,40.65904],[-73.97976,40.66],[-73.97709,40.66336],[-73.97696,40.66367],[-73.97694,40.66411],[-73.97724,40.66465],[-73.97773,40.66501],[-73.98535,40.66877],[-73.98604,40.66901],[-73.98738,40.66927],[-73.98825,40.66955],[-73.99306,40.67186],[-73.99603,40.67363],[-73.99702,40.67447],[-73.99737,40.67502],[-73.99746,40.67566],[-73.99734,40.67617],[-73.99577,40.6793],[-73.99521,40.68011],[-73.99445,40.6809],[-73.99385,40.68173],[-73.98774,40.6907],[-73.98742,40.69134],[-73.98659,40.7041],[-73.9866,40.70484],[-73.98681,40.7058],[-73.98723,40.70675],[-73.9889,40.70907],[-73.98952,40.71029],[-73.98987,40.7115],[-73.99019,40.71406],[-73.99013,40.71457],[-73.98995,40.71505],[-73.98693,40.72092],[-73.98679,40.72127],[-73.98673,40.72174],[-73.9868,40.72201],[-73.98706,40.72237],[-73.9877,40.72272],[-73.9962,40.7253],[-73.99757,40.72579],[-74.00213,40.72803],[-74.00243,40.72833],[-74.00253,40.7287],[-74.0024,40.72928],[-74.00131,40.73122],[-73.97564,40.76646],[-73.97521,40.76683],[-73.97449,40.7672],[-73.97366,40.76735],[-73.97239,40.7672],[-73.97133,40.76683],[-73.95751,40.761],[-73.94764,40.75666],[-73.94171,40.75362],[-73.93655,40.75087],[-73.93612,40.75072],[-73.93569,40.75068],[-73.93525,40.75076],[-73.93368,40.75159],[-73.93245,40.75192],[-73.9258,40.75213],[-73.91873,40.75365],[-73.91761,40.75382],[-73.91578,40.75379],[-73.91119,40.75304],[-73.91017,40.75302],[-73.90761,40.75323],[-73.90685,40.75314],[-73.90601,40.75288],[-73.8851,40.74399],[-73.88166,40.74226],[-73.88098,40.74182],[-73.87906,40.74033],[-73.8786,40.73965],[-73.87683,40.73633],[-73.87624,40.73566],[-73.87543,40.73511],[-73.87441,40.73468],[-73.86923,40.73311],[-73.86813,40.73264],[-73.86639,40.73169],[-73.86526,40.73119],[-73.85438,40.72722],[-73.85254,40.72644],[-73.85123,40.7257],[-73.84937,40.72415],[-73.84819,40.72337],[-73.84087,40.72007],[-73.83575,40.71753],[-73.83448,40.71679],[-73.83251,40.71538],[-73.83101,40.71444],[-73.82787,40.71292],[-73.82189,40.71059],[-73.8213,40.71019],[-73.82096,40.70982],[-73.81948,40.7073],[-73.8182,40.70532],[-73.81733,40.7046],[-73.81657,40.70431],[-73.8154,40.70423],[-73.81441,40.70441],[-73.79533,40.70984],[-73.78996,40.71176],[-73.78881,40.71195],[-73.786,40.71216],[-73.78382,40.71265]],[[-73.935,40.75074],[-73.93644,40.74941],[-73.9369,40.74911],[-73.94156,40.74742],[-73.94228,40.74727],[-73.94334,40.74733],[-73.95234,40.74907],[-73.95428,40.74966],[-73.95625,40.75059],[-73.95725,40.75118],[-73.96179,40.75437],[-73.96263,40.75484],[-73.9767,40.76079],[-73.97844,40.76136],[-73.97893,40.76136],[-73.97944,40.76114]],[[-73.92432,40.75253],[-73.92385,40.75292],[-73.91985,40.75797],[-73.91926,40.75838],[-73.91859,40.75852],[-73.91803,40.75847],[-73.91722,40.75818],[-73.90702,40.75333]]]},"properties":{"kind":"line","system":"NYC Subway","ref":"F","name":"Queens Blvd Express/6 Av Local","color":"#EB6800","text_color":"#FFFFFF"}},{"type":"Feature","geometry":{"type":"LineString","coordinates":[[-73.84452,40.72169],[-73.84819,40.72337],[-73.84937,40.72415],[-73.85138,40.7258],[-73.85219,40.72627],[-73.85321,40.72674],[-73.86526,40.73119],[-73.86639,40.73169],[-73.86813,40.73264],[-73.86923,40.73311],[-73.87441,40.73468],[-73.87519,40.73499],[-73.87605,40.73551],[-73.87671,40.73615],[-73.87865,40.73974],[-73.87912,40.74039],[-73.88098,40.74182],[-73.88222,40.74257],[-73.8851,40.74399],[-73.90679,40.75322],[-73.91764,40.75836],[-73.91822,40.7585],[-73.91876,40.75851],[-73.91926,40.75838],[-73.91971,40.75811],[-73.92385,40.75292],[-73.92413,40.75265],[-73.92456,40.75241],[-73.92538,40.7522],[-73.92634,40.75208],[-73.93245,40.75192],[-73.93368,40.75159],[-73.93511,40.75081],[-73.93554,40.7507],[-73.93597,40.7507],[-73.93655,40.75087],[-73.94171,40.75362],[-73.94774,40.7567],[-73.95751,40.761],[-73.97133,40.76683],[-73.97239,40.7672],[-73.97336,40.76735],[-73.97422,40.76728],[-73.97474,40.76711],[-73.97521,40.76683],[-73.97564,40.76646],[-74.00131,40.73122],[-74.0024,40.72928],[-74.00252,40.72892],[-74.00247,40.72841],[-74.00213,40.72803],[-73.99794,40.72596],[-73.99664,40.72544],[-73.99255,40.72418],[-73.99201,40.72387],[-73.99177,40.72355],[-73.99169,40.72315],[-73.99204,40.72096],[-73.99202,40.72049],[-73.99171,40.71986],[-73.99122,40.7195],[-73.98583,40.71781],[-73.98449,40.71732],[-73.96108,40.71021],[-73.96074,40.71003],[-73.95924,40.70887],[-73.95154,40.70617],[-73.94313,40.70147],[-73.94113,40.70026],[-73.93468,40.69665],[-73.93434,40.69655],[-73.93395,40.69659],[-73.9334,40.6971],[-73.93302,40.69723],[-73.91116,40.69958],[-73.91074,40.69982],[-73.90723,40.70325],[-73.90688,40.70348],[-73.89327,40.70683],[-73.89267,40.70707],[-73.89211,40.70748],[-73.89027,40.70949],[-73.8896,40.7114]]},"properties":{"kind":"line","system":"NYC Subway","ref":"M","name":"Queens Blvd Local/6 Av Local","color":"#EB6800","text_color":"#FFFFFF"}},{"type":"Feature","geometry":{"type":"LineString","coordinates":[[-73.97968,40.64404],[-73.97998,40.64582],[-73.97994,40.6464],[-73.97973,40.64691],[-73.97938,40.64734],[-73.97886,40.64771],[-73.97711,40.64844],[-73.97661,40.64877],[-73.97634,40.64904],[-73.97604,40.64952],[-73.97581,40.65032],[-73.97578,40.65087],[-73.97591,40.65206],[-73.97646,40.65501],[-73.97666,40.65552],[-73.9772,40.65608],[-73.97991,40.65769],[-73.98028,40.65807],[-73.98044,40.65848],[-73.98034,40.65904],[-73.97976,40.66],[-73.97709,40.66336],[-73.97693,40.66382],[-73.97704,40.66438],[-73.97738,40.66477],[-73.97794,40.66513],[-73.98535,40.66877],[-73.98604,40.66901],[-73.98738,40.66927],[-73.98825,40.66955],[-73.99335,40.67202],[-73.99573,40.67342],[-73.99702,40.67447],[-73.99729,40.67486],[-73.99744,40.67529],[-73.99745,40.67576],[-73.99736,40.67612],[-73.99618,40.67859],[-73.99553,40.67968],[-73.994,40.68151],[-73.98894,40.68893],[-73.98861,40.68927],[-73.98821,40.68946],[-73.98776,40.68949],[-73.98738,40.68941],[-73.9839,40.68806],[-73.981,40.68704],[-73.98003,40.68678],[-73.97912,40.68672],[-73.94984,40.69005],[-73.94908,40.69031],[-73.9486,40.6907],[-73.94843,40.69108],[-73.94841,40.69153],[-73.95026,40.70058],[-73.95023,40.70564],[-73.9523,40.7183],[-73.95222,40.71883],[-73.95194,40.71934],[-73.95013,40.72126],[-73.94995,40.72169],[-73.94993,40.72212],[-73.95004,40.72245],[-73.95371,40.7289],[-73.95407,40.72972],[-73.95436,40.7308],[-73.95537,40.73696],[-73.95544,40.73834],[-73.95528,40.73984],[-73.9551,40.74042],[-73.95456,40.74127],[-73.95391,40.74183],[-73.94863,40.74461],[-73.94383,40.74655]]},"properties":{"kind":"line","system":"NYC Subway","ref":"G","name":"Brooklyn-Queens Crosstown","color":"#799534","text_color":"#FFFFFF"}},{"type":"Feature","geometry":{"type":"LineString","coordinates":[[-73.80111,40.70215],[-73.80803,40.70047],[-73.80955,40.6999],[-73.81394,40.69866],[-73.81545,40.69846],[-73.81644,40.69849],[-73.81789,40.69879],[-73.81883,40.69915],[-73.81976,40.69965],[-73.82153,40.70094],[-73.82203,40.70121],[-73.82292,40.70143],[-73.8239,40.70139],[-73.82583,40.7009],[-73.8301,40.70018],[-73.83223,40.69963],[-73.83597,40.69764],[-73.83847,40.696],[-73.83918,40.69568],[-73.83995,40.69545],[-73.84189,40.69522],[-73.84519,40.69517],[-73.84609,40.69509],[-73.85049,40.69423],[-73.85389,40.69303],[-73.85471,40.69282],[-73.85947,40.69249],[-73.86225,40.69213],[-73.86848,40.69111],[-73.87114,40.69045],[-73.87193,40.69021],[-73.87358,40.6895],[-73.87382,40.68932],[-73.87391,40.68913],[-73.87389,40.68885],[-73.87233,40.68411],[-73.87234,40.6838],[-73.8726,40.68355],[-73.87997,40.68143],[-73.88978,40.67832],[-73.89976,40.67685],[-73.90028,40.677],[-73.90451,40.6795],[-73.92227,40.68963],[-73.94113,40.70026],[-73.94313,40.70147],[-73.95172,40.70626],[-73.95924,40.70887],[-73.96076,40.71005],[-73.96119,40.71025],[-73.98449,40.71732],[-73.98598,40.71786],[-73.99392,40.72028],[-73.99666,40.7212],[-73.99706,40.72123],[-73.9974,40.72108],[-73.9991,40.71908],[-74.0006,40.71722],[-74.00255,40.71456],[-74.00388,40.71252],[-74.00422,40.71233],[-74.00495,40.71219],[-74.00541,40.71201],[-74.00727,40.71066],[-74.00952,40.70846],[-74.01046,40.70741],[-74.01106,40.70648]]},"properties":{"kind":"line","system":"NYC Subway","ref":"J","name":"Nassau St Local","color":"#8E5C33","text_color":"#FFFFFF"}},{"type":"Feature","geometry":{"type":"LineString","coordinates":[[-73.80111,40.70215],[-73.80803,40.70047],[-73.80955,40.6999],[-73.81394,40.69866],[-73.81545,40.69846],[-73.81644,40.69849],[-73.81789,40.69879],[-73.81883,40.69915],[-73.81976,40.69965],[-73.82153,40.70094],[-73.82203,40.70121],[-73.82292,40.70143],[-73.8239,40.70139],[-73.82583,40.7009],[-73.8301,40.70018],[-73.83223,40.69963],[-73.83597,40.69764],[-73.83847,40.696],[-73.83918,40.69568],[-73.83995,40.69545],[-73.84189,40.69522],[-73.84519,40.69517],[-73.84609,40.69509],[-73.85049,40.69423],[-73.85389,40.69303],[-73.85471,40.69282],[-73.85947,40.69249],[-73.86225,40.69213],[-73.86848,40.69111],[-73.87114,40.69045],[-73.87193,40.69021],[-73.87358,40.6895],[-73.87382,40.68932],[-73.87391,40.68913],[-73.87389,40.68885],[-73.87233,40.68411],[-73.87234,40.6838],[-73.8726,40.68355],[-73.87997,40.68143],[-73.88978,40.67832],[-73.89976,40.67685],[-73.90028,40.677],[-73.90451,40.6795],[-73.92227,40.68963],[-73.94113,40.70026],[-73.94313,40.70147],[-73.95172,40.70626],[-73.95924,40.70887],[-73.96076,40.71005],[-73.96119,40.71025],[-73.98449,40.71732],[-73.98598,40.71786],[-73.99392,40.72028],[-73.99666,40.7212],[-73.99706,40.72123],[-73.9974,40.72108],[-73.9991,40.71908],[-74.0006,40.71722],[-74.00255,40.71456],[-74.00388,40.71252],[-74.00422,40.71233],[-74.00495,40.71219],[-74.00541,40.71201],[-74.00727,40.71066],[-74.00952,40.70846],[-74.01046,40.70741],[-74.01106,40.70648]]},"properties":{"kind":"line","system":"NYC Subway","ref":"Z","name":"Nassau St Express","color":"#8E5C33","text_color":"#FFFFFF"}},{"type":"Feature","geometry":{"type":"LineString","coordinates":[[-74.00258,40.73978],[-73.97292,40.72726],[-73.95187,40.71422],[-73.95122,40.71407],[-73.94948,40.71407],[-73.94258,40.7147],[-73.94213,40.71463],[-73.94193,40.71443],[-73.94053,40.71158],[-73.93961,40.70632],[-73.93936,40.70583],[-73.93905,40.7056],[-73.93865,40.70549],[-73.93814,40.70551],[-73.9355,40.706],[-73.93358,40.70608],[-73.92523,40.70744],[-73.92473,40.70745],[-73.92425,40.70736],[-73.92378,40.70715],[-73.91548,40.70198],[-73.90293,40.69495],[-73.90122,40.69382],[-73.90094,40.69343],[-73.90082,40.69301],[-73.90083,40.69271],[-73.90099,40.69223],[-73.90119,40.6919],[-73.90311,40.68986],[-73.90502,40.68756],[-73.90549,40.68642],[-73.90576,40.68471],[-73.90565,40.6838],[-73.90538,40.68307],[-73.90491,40.68225],[-73.90418,40.68136],[-73.90385,40.68076],[-73.90286,40.67761],[-73.9028,40.67715],[-73.90287,40.67623],[-73.9033,40.67457],[-73.90328,40.67414],[-73.90259,40.67143],[-73.90232,40.67075],[-73.89801,40.6539],[-73.89803,40.65322],[-73.89828,40.65257],[-73.90185,40.64665]]},"properties":{"kind":"line","system":"NYC Subway","ref":"L","name":"14 St-Canarsie Local","color":"#7C858C","text_color":"#FFFFFF"}},{"type":"Feature","geometry":{"type":"MultiLineString","coordinates":[[[-74.00159,40.71974],[-74.00835,40.71168],[-74.00859,40.71154],[-74.00894,40.7115],[-74.00996,40.71177],[-74.01022,40.71173],[-74.01042,40.71159],[-74.0132,40.7074],[-74.01398,40.70651],[-74.01405,40.7063],[-74.01402,40.70607],[-74.01336,40.70507],[-74.01299,40.70309],[-74.01262,40.70169],[-74.01242,40.70127],[-74.0121,40.70091],[-74.01167,40.70061],[-74.01011,40.69994],[-73.99864,40.696],[-73.9906,40.69377],[-73.99001,40.69339],[-73.98946,40.69262],[-73.98897,40.69237],[-73.98844,40.69228],[-73.98313,40.69207],[-73.98271,40.69196],[-73.98244,40.69177]],[[-73.91203,40.77504],[-73.91784,40.77026],[-73.92054,40.76789],[-73.9336,40.75184],[-73.93395,40.75151],[-73.93487,40.75087],[-73.93646,40.74941],[-73.93702,40.74917],[-73.93752,40.74925],[-73.93877,40.74996],[-73.94109,40.75096],[-73.94204,40.75163],[-73.95913,40.75923],[-73.97235,40.7648],[-73.97272,40.76487],[-73.9741,40.76479],[-73.97838,40.76658],[-73.97885,40.76664],[-73.97924,40.76651],[-73.9795,40.76625],[-73.9853,40.75828],[-73.98578,40.75748],[-73.98615,40.75657],[-73.98751,40.75213],[-73.98912,40.74322],[-73.98951,40.74019],[-73.99017,40.73761],[-73.99146,40.73178],[-74.00143,40.71993],[-74.00159,40.71965],[-74.0016,40.71933],[-74.00145,40.71911],[-73.99915,40.71743],[-73.99846,40.71706],[-73.99629,40.71627],[-73.9955,40.71554],[-73.99514,40.71511],[-73.98548,40.69777],[-73.98112,40.68923],[-73.98068,40.68883],[-73.9788,40.68807],[-73.97838,40.68769],[-73.97798,40.68524],[-73.978,40.68502],[-73.97814,40.68468],[-73.97881,40.68367],[-73.98393,40.6761],[-73.99268,40.66562],[-74.0207,40.63865],[-74.02088,40.63843],[-74.02094,40.63819],[-74.02084,40.63798],[-74.02054,40.63773],[-74.0196,40.6373],[-74.01198,40.63517],[-74.01115,40.63479],[-74.00884,40.6335],[-73.99826,40.62708],[-73.99727,40.62615],[-73.99595,40.62425],[-73.99541,40.62371],[-73.9846,40.61715],[-73.9837,40.61642],[-73.98301,40.61558],[-73.98255,40.61466],[-73.9822,40.61351],[-73.978,40.5913],[-73.97804,40.59048],[-73.97819,40.58974],[-73.97999,40.58392],[-73.98078,40.58205],[-73.98144,40.5807],[-73.98137,40.57899],[-73.98141,40.57843],[-73.98123,40.57742]]]},"properties":{"kind":"line","system":"NYC Subway","ref":"N","name":"Broadway Local","color":"#F6BC26","text_color":"#000000"}},{"type":"Feature","geometry":{"type":"LineString","coordinates":[[-73.94766,40.78347],[-73.96142,40.76462],[-73.96193,40.76416],[-73.9623,40.76395],[-73.9627,40.76381],[-73.96335,40.76373],[-73.96381,40.76377],[-73.96456,40.76397],[-73.97139,40.76686],[-73.97427,40.76855],[-73.97525,40.76895],[-73.97613,40.7691],[-73.97666,40.76906],[-73.97737,40.76879],[-73.97799,40.76827],[-73.9853,40.75828],[-73.98578,40.75748],[-73.98611,40.7567],[-73.98751,40.75213],[-73.98912,40.74322],[-73.98951,40.74019],[-73.99017,40.73761],[-73.99146,40.73178],[-74.00143,40.71993],[-74.00162,40.71952],[-74.00158,40.71928],[-74.00139,40.71905],[-73.99909,40.71739],[-73.99839,40.71703],[-73.99629,40.71627],[-73.9955,40.71554],[-73.99514,40.71511],[-73.98548,40.69777],[-73.98112,40.68923],[-73.98061,40.68879],[-73.97781,40.68766],[-73.97752,40.68744],[-73.97742,40.68723],[-73.97668,40.68326],[-73.9764,40.68261],[-73.96282,40.66371],[-73.96241,40.66264],[-73.96139,40.6568],[-73.96137,40.65607],[-73.96149,40.65529],[-73.96442,40.64587],[-73.96455,40.64514],[-73.96454,40.64441],[-73.96191,40.63039],[-73.96141,40.62823],[-73.95432,40.59078],[-73.95405,40.58861],[-73.95422,40.58622],[-73.95467,40.5852],[-73.95961,40.57827],[-73.95986,40.57803],[-73.96015,40.57789],[-73.96744,40.57636],[-73.9686,40.57632],[-73.97367,40.57674],[-73.97439,40.57662],[-73.97682,40.57586],[-73.9776,40.57575],[-73.98009,40.57604],[-73.98069,40.5762],[-73.98105,40.57652],[-73.98123,40.57742]]},"properties":{"kind":"line","system":"NYC Subway","ref":"Q","name":"Broadway Express","color":"#F6BC26","text_color":"#000000"}},{"type":"Feature","geometry":{"type":"MultiLineString","coordinates":[[[-74.03088,40.61662],[-74.02277,40.63644],[-74.02251,40.63689],[-73.99268,40.66562],[-73.98393,40.6761],[-73.97804,40.6849],[-73.97798,40.68524],[-73.97831,40.6875],[-73.97841,40.68773],[-73.9788,40.68807],[-73.98055,40.68876],[-73.98095,40.68903],[-73.98115,40.68929],[-73.98234,40.69162],[-73.98264,40.69192],[-73.98323,40.69208],[-73.98844,40.69228],[-73.98897,40.69237],[-73.98946,40.69262],[-73.99001,40.69339],[-73.9906,40.69377],[-73.9989,40.69609],[-74.01011,40.69994],[-74.01141,40.70048],[-74.01219,40.701],[-74.01258,40.70158],[-74.01311,40.70359],[-74.01337,40.70511],[-74.01396,40.70595],[-74.01405,40.70624],[-74.01398,40.70651],[-74.0132,40.7074],[-74.01046,40.71154],[-74.01027,40.7117],[-74.01003,40.71177],[-74.00894,40.7115],[-74.00859,40.71154],[-74.00835,40.71168],[-73.99151,40.73169],[-73.99137,40.73204],[-73.99021,40.73743],[-73.98951,40.74019],[-73.98912,40.74322],[-73.98751,40.75213],[-73.98611,40.7567],[-73.98578,40.75748],[-73.9853,40.75828],[-73.9795,40.76625],[-73.97917,40.76655],[-73.97876,40.76665],[-73.97838,40.76658],[-73.97412,40.76479],[-73.97272,40.76487],[-73.97235,40.7648],[-73.95913,40.75923],[-73.94415,40.75255],[-73.94356,40.75218],[-73.94321,40.75168],[-73.94313,40.75129],[-73.94317,40.75015],[-73.94298,40.74969],[-73.94168,40.74836],[-73.94118,40.74808],[-73.94075,40.74798],[-73.93978,40.74806],[-73.9369,40.74911],[-73.93644,40.74941],[-73.93453,40.75113],[-73.9339,40.75149],[-73.93321,40.75176],[-73.93191,40.75198],[-73.92612,40.7521],[-73.92527,40.75222],[-73.92447,40.75245],[-73.92385,40.75292],[-73.91971,40.75811],[-73.91926,40.75838],[-73.91876,40.75851],[-73.91822,40.7585],[-73.91764,40.75836],[-73.90679,40.75322],[-73.8851,40.74399],[-73.88222,40.74257],[-73.88098,40.74182],[-73.87912,40.74039],[-73.87865,40.73974],[-73.87671,40.73615],[-73.87605,40.73551],[-73.87519,40.73499],[-73.87441,40.73468],[-73.86923,40.73311],[-73.86813,40.73264],[-73.86639,40.73169],[-73.86526,40.73119],[-73.85321,40.72674],[-73.85219,40.72627],[-73.85138,40.7258],[-73.84937,40.72415],[-73.84819,40.72337],[-73.84452,40.72169]],[[-74.00154,40.71977],[-74.00162,40.71946],[-74.0015,40.71916],[-74.00046,40.71838],[-73.99802,40.72364]]]},"properties":{"kind":"line","system":"NYC Subway","ref":"R","name":"Broadway Local","color":"#F6BC26","text_color":"#000000"}},{"type":"Feature","geometry":{"type":"LineString","coordinates":[[-73.91203,40.77504],[-73.91784,40.77026],[-73.92054,40.76789],[-73.9336,40.75184],[-73.93395,40.75151],[-73.93487,40.75087],[-73.93646,40.74941],[-73.93702,40.74917],[-73.93752,40.74925],[-73.93877,40.74996],[-73.94109,40.75096],[-73.94204,40.75163],[-73.95913,40.75923],[-73.97235,40.7648],[-73.97272,40.76487],[-73.9741,40.76479],[-73.97838,40.76658],[-73.97885,40.76664],[-73.97924,40.76651],[-73.9795,40.76625],[-73.9853,40.75828],[-73.98578,40.75748],[-73.98615,40.75657],[-73.98751,40.75213],[-73.98912,40.74322],[-73.98951,40.74019],[-73.99017,40.73761],[-73.99148,40.73174],[-74.00835,40.71168],[-74.00859,40.71154],[-74.00894,40.7115],[-74.01003,40.71177],[-74.01027,40.7117],[-74.01046,40.71154],[-74.0132,40.7074],[-74.01403,40.70641],[-74.01399,40.70601],[-74.01337,40.70511],[-74.01299,40.70309]]},"properties":{"kind":"line","system":"NYC Subway","ref":"W","name":"Broadway Local","color":"#F6BC26","text_color":"#000000"}},{"type":"Feature","geometry":{"type":"LineString","coordinates":[[-74.01366,40.70207],[-74.01495,40.70339],[-74.01512,40.70417],[-74.01509,40.70449],[-74.01265,40.71013],[-74.01199,40.71239],[-74.01171,40.71274],[-74.01085,40.71348],[-74.00712,40.71826],[-74.00522,40.72917],[-74.00506,40.72964],[-74.00097,40.73676],[-73.98579,40.75764],[-73.98542,40.75838],[-73.98458,40.76059],[-73.98304,40.76298],[-73.98246,40.76403],[-73.98198,40.76546],[-73.98169,40.76732],[-73.98172,40.76768],[-73.98209,40.76879],[-73.98221,40.77417],[-73.98206,40.77787],[-73.98191,40.77882],[-73.98131,40.781],[-73.98085,40.78237],[-73.98047,40.78315],[-73.97766,40.78695],[-73.97594,40.78896],[-73.96866,40.79895],[-73.96808,40.80012],[-73.96793,40.80087],[-73.96779,40.8023],[-73.96747,40.80312],[-73.92519,40.861],[-73.92481,40.8614],[-73.92415,40.8618],[-73.9203,40.86324],[-73.91957,40.86367],[-73.9138,40.87138],[-73.9122,40.87277],[-73.90826,40.87577],[-73.90762,40.87621],[-73.90659,40.87676],[-73.90606,40.87718],[-73.9016,40.88347],[-73.90073,40.88493],[-73.89858,40.88925]]},"properties":{"kind":"line","system":"NYC Subway","ref":"1","name":"Broadway - 7 Avenue Local","color":"#D82233","text_color":"#FFFFFF"}},{"type":"Feature","geometry":{"type":"LineString","coordinates":[[-73.85062,40.90313],[-73.85151,40.90207],[-73.85245,40.90065],[-73.85512,40.89745],[-73.86385,40.88171],[-73.86693,40.87669],[-73.86702,40.87619],[-73.86785,40.85007],[-73.86799,40.84963],[-73.86943,40.84715],[-73.87047,40.84477],[-73.87086,40.8441],[-73.87139,40.84357],[-73.87443,40.84121],[-73.87684,40.84078],[-73.87747,40.84085],[-73.87851,40.84125],[-73.87897,40.84125],[-73.87918,40.84115],[-73.88005,40.84029],[-73.8805,40.84006],[-73.88176,40.83964],[-73.88357,40.83948],[-73.88444,40.83925],[-73.88512,40.83893],[-73.88754,40.83746],[-73.88807,40.83683],[-73.8917,40.83067],[-73.89187,40.82984],[-73.89192,40.82507],[-73.89198,40.82482],[-73.89218,40.82455],[-73.90327,40.81882],[-73.90552,40.81781],[-73.90838,40.81617],[-73.90911,40.81596],[-73.90981,40.81593],[-73.91403,40.8162],[-73.91547,40.81574],[-73.91628,40.8157],[-73.9298,40.81916],[-73.9315,40.81934],[-73.93546,40.8193],[-73.93638,40.81916],[-73.93703,40.8189],[-73.93775,40.81837],[-73.95182,40.79908],[-73.95232,40.79856],[-73.9527,40.79836],[-73.95331,40.79818],[-73.95674,40.79754],[-73.96098,40.79687],[-73.96159,40.797],[-73.96696,40.79921],[-73.96783,40.79924],[-73.96829,40.79908],[-73.96872,40.79878],[-73.97594,40.78896],[-73.97766,40.78695],[-73.97992,40.78393],[-73.98037,40.78331],[-73.98075,40.78262],[-73.98131,40.781],[-73.98176,40.77943],[-73.98209,40.7775],[-73.98221,40.77417],[-73.98209,40.76879],[-73.98172,40.76768],[-73.98169,40.76732],[-73.98198,40.76546],[-73.98216,40.76482],[-73.98263,40.76371],[-73.98458,40.76059],[-73.98564,40.75788],[-74.00097,40.73676],[-74.00516,40.72941],[-74.00709,40.71833],[-74.00725,40.71803],[-74.01024,40.71424],[-74.01035,40.71396],[-74.01029,40.71378],[-74.01016,40.71366],[-74.00755,40.71243],[-74.00695,40.71169],[-74.00585,40.71062],[-74.00576,40.71038],[-74.00587,40.71015],[-74.00859,40.70738],[-74.00967,40.70614],[-74.00998,40.70538],[-74.00989,40.70497],[-74.00651,40.70192],[-74.00566,40.70135],[-74.00471,40.70083],[-74.00291,40.70017],[-73.99167,40.69705],[-73.99125,40.69664],[-73.99044,40.69412],[-73.98973,40.6927],[-73.98945,40.69236],[-73.98919,40.69219],[-73.98136,40.68906],[-73.981,40.68886],[-73.98074,40.68859],[-73.97105,40.67524],[-73.96981,40.67368],[-73.96926,40.67321],[-73.96863,40.67296],[-73.96438,40.67199],[-73.95582,40.67021],[-73.95498,40.6701],[-73.95154,40.66991],[-73.95101,40.6698],[-73.95068,40.66959],[-73.95056,40.66921],[-73.95097,40.66482],[-73.95098,40.66405],[-73.94764,40.63284]]},"properties":{"kind":"line","system":"NYC Subway","ref":"2","name":"7 Avenue Express","color":"#D82233","text_color":"#FFFFFF"}},{"type":"Feature","geometry":{"type":"LineString","coordinates":[[-73.88408,40.66624],[-73.91824,40.6612],[-73.91861,40.66127],[-73.91896,40.66145],[-73.92418,40.66612],[-73.92441,40.66642],[-73.92504,40.66774],[-73.92555,40.66827],[-73.92599,40.66847],[-73.95526,40.67012],[-73.96438,40.67199],[-73.96878,40.673],[-73.96926,40.67321],[-73.96969,40.67355],[-73.97105,40.67524],[-73.98074,40.68859],[-73.981,40.68886],[-73.98136,40.68906],[-73.98919,40.69219],[-73.98945,40.69236],[-73.98973,40.6927],[-73.99044,40.69412],[-73.99125,40.69664],[-73.99167,40.69705],[-74.00291,40.70017],[-74.00471,40.70083],[-74.00566,40.70135],[-74.00651,40.70192],[-74.00974,40.70477],[-74.00996,40.70508],[-74.01,40.70528],[-74.00989,40.70573],[-74.00949,40.70638],[-74.00859,40.70738],[-74.00587,40.71015],[-74.00576,40.71038],[-74.00585,40.71062],[-74.00695,40.71169],[-74.00755,40.71243],[-74.01016,40.71366],[-74.01029,40.71378],[-74.01035,40.71396],[-74.01024,40.71424],[-74.00725,40.71803],[-74.00709,40.71833],[-74.00522,40.72917],[-74.00506,40.72964],[-74.00097,40.73676],[-73.98579,40.75764],[-73.98542,40.75838],[-73.98458,40.76059],[-73.98304,40.76298],[-73.98232,40.76439],[-73.98198,40.76546],[-73.98169,40.76732],[-73.98172,40.76768],[-73.98209,40.76879],[-73.98221,40.77417],[-73.98206,40.77787],[-73.98191,40.77882],[-73.98131,40.781],[-73.98085,40.78237],[-73.98047,40.78315],[-73.97766,40.78695],[-73.97594,40.78896],[-73.96898,40.79851],[-73.96829,40.79908],[-73.96749,40.79928],[-73.96677,40.79916],[-73.96182,40.79709],[-73.96098,40.79687],[-73.95674,40.79754],[-73.95331,40.79818],[-73.9527,40.79836],[-73.95217,40.79866],[-73.93624,40.82042],[-73.93565,40.82122],[-73.9351,40.82179],[-73.93473,40.82271],[-73.93478,40.82307],[-73.93504,40.82328],[-73.93647,40.82388]]},"properties":{"kind":"line","system":"NYC Subway","ref":"3","name":"7 Avenue Express","color":"#D82233","text_color":"#FFFFFF"}},{"type":"Feature","geometry":{"type":"MultiLineString","coordinates":[[[-73.88408,40.66624],[-73.91824,40.6612],[-73.91861,40.66127],[-73.91896,40.66145],[-73.92418,40.66612],[-73.92441,40.66642],[-73.92497,40.66765],[-73.92571,40.66837],[-73.92659,40.66855],[-73.93294,40.6689],[-73.93315,40.66891]],[[-73.87875,40.88604],[-73.88133,40.88266],[-73.88754,40.87723],[-73.88786,40.87676],[-73.88882,40.87463],[-73.88921,40.87412],[-73.89176,40.8721],[-73.89254,40.87164],[-73.89477,40.87057],[-73.89541,40.87003],[-73.90166,40.862],[-73.90529,40.85614],[-73.91024,40.85063],[-73.91895,40.83846],[-73.92031,40.83736],[-73.92707,40.82585],[-73.92721,40.82532],[-73.92719,40.82491],[-73.92623,40.82199],[-73.92617,40.82144],[-73.92622,40.82101],[-73.9264,40.82041],[-73.92791,40.81719],[-73.92895,40.81446],[-73.92924,40.81393],[-73.93466,40.80815],[-73.97543,40.7523],[-73.97587,40.75201],[-73.97788,40.75154],[-73.97829,40.75127],[-73.98985,40.73541],[-73.98997,40.73488],[-73.98985,40.73406],[-73.98986,40.73348],[-73.99049,40.73084],[-73.99068,40.73042],[-73.99167,40.7296],[-73.99362,40.72731],[-73.99663,40.72349],[-73.99722,40.72219],[-74.0029,40.71577],[-74.00305,40.71547],[-74.0032,40.71429],[-74.00337,40.71393],[-74.00413,40.71307],[-74.00493,40.71234],[-74.00837,40.71144],[-74.00877,40.71122],[-74.01376,40.7053],[-74.01443,40.70412],[-74.01461,40.70363],[-74.01462,40.70289],[-74.01443,40.70249],[-74.01411,40.70212],[-74.0062,40.69606],[-74.00576,40.69581],[-74.00327,40.69491],[-73.99921,40.69388],[-73.98933,40.69224],[-73.98107,40.6889],[-73.98074,40.68859],[-73.97105,40.67524],[-73.96969,40.67355],[-73.96895,40.67306],[-73.96438,40.67199],[-73.95526,40.67012],[-73.93294,40.6689]]]},"properties":{"kind":"line","system":"NYC Subway","ref":"4","name":"Lexington Avenue Express","color":"#009952","text_color":"#FFFFFF"}},{"type":"Feature","geometry":{"type":"MultiLineString","coordinates":[[[-74.01407,40.70482],[-74.01376,40.7053],[-74.00872,40.71126],[-74.00837,40.71144],[-74.00502,40.7123],[-74.0047,40.7125],[-74.00413,40.71307],[-74.00326,40.7141],[-74.00305,40.71547],[-74.0029,40.71577],[-73.99722,40.72219],[-73.99663,40.72349],[-73.99362,40.72731],[-73.99167,40.7296],[-73.99073,40.73036],[-73.99049,40.73084],[-73.98986,40.73348],[-73.98985,40.73406],[-73.98997,40.73488],[-73.98985,40.73541],[-73.97826,40.7513],[-73.97784,40.75155],[-73.97582,40.75203],[-73.97543,40.7523],[-73.93466,40.80815],[-73.92924,40.81393],[-73.92895,40.81446],[-73.92776,40.81755],[-73.92782,40.81774],[-73.92819,40.81798],[-73.92839,40.81821],[-73.92843,40.81839],[-73.92832,40.81862],[-73.92808,40.81871],[-73.92778,40.81869],[-73.91628,40.8157],[-73.91547,40.81574],[-73.91423,40.81617],[-73.9138,40.81621],[-73.91073,40.81595],[-73.90911,40.81596],[-73.90838,40.81617],[-73.90552,40.81781],[-73.90327,40.81882],[-73.89226,40.82449],[-73.89202,40.82474],[-73.89193,40.82498],[-73.89187,40.82984],[-73.8917,40.83067],[-73.88819,40.83662],[-73.88773,40.83729],[-73.88718,40.83771],[-73.88512,40.83893],[-73.88444,40.83925],[-73.88357,40.83948],[-73.88176,40.83964],[-73.8805,40.84006],[-73.88005,40.84029],[-73.87918,40.84115],[-73.87897,40.84125],[-73.87851,40.84125],[-73.87747,40.84085],[-73.87684,40.84078],[-73.87443,40.84121],[-73.87139,40.84357],[-73.87072,40.84429],[-73.86995,40.84597],[-73.86898,40.84738],[-73.86862,40.84778],[-73.8571,40.85711],[-73.85627,40.85791],[-73.83271,40.88558],[-73.83155,40.88714],[-73.83083,40.8883]],[[-73.94764,40.63284],[-73.95098,40.66405],[-73.95097,40.66482],[-73.95056,40.66921],[-73.95068,40.66959],[-73.95101,40.6698],[-73.95154,40.66991],[-73.95498,40.6701],[-73.95582,40.67021],[-73.96438,40.67199],[-73.96863,40.67296],[-73.96926,40.67321],[-73.96981,40.67368],[-73.97105,40.67524],[-73.98074,40.68859],[-73.98107,40.6889],[-73.98933,40.69224],[-73.99921,40.69388],[-74.00327,40.69491],[-74.00576,40.69581],[-74.0062,40.69606],[-74.01423,40.70224],[-74.01457,40.70275],[-74.01466,40.70332],[-74.0145,40.70396],[-74.01443,40.70412],[-74.01407,40.70482],[-74.01396,40.705]]]},"properties":{"kind":"line","system":"NYC Subway","ref":"5","name":"Lexington Avenue Express","color":"#009952","text_color":"#FFFFFF"}},{"type":"Feature","geometry":{"type":"LineString","coordinates":[[-73.82812,40.85246],[-73.82932,40.85191],[-73.82975,40.8515],[-73.82994,40.85112],[-73.83034,40.84969],[-73.83057,40.84913],[-73.83119,40.84806],[-73.83166,40.84752],[-73.83721,40.84318],[-73.84223,40.8405],[-73.84904,40.83482],[-73.84955,40.83451],[-73.85005,40.83438],[-73.86208,40.83309],[-73.87705,40.82881],[-73.88162,40.82838],[-73.88492,40.8282],[-73.88565,40.82797],[-73.88598,40.82768],[-73.88616,40.82728],[-73.88679,40.82368],[-73.88713,40.82303],[-73.88755,40.82256],[-73.88949,40.82128],[-73.89144,40.82071],[-73.89195,40.82044],[-73.89901,40.81364],[-73.89939,40.81347],[-73.90403,40.81215],[-73.90691,40.8103],[-73.90727,40.80983],[-73.90824,40.80701],[-73.90849,40.80662],[-73.90891,40.80633],[-73.91217,40.80486],[-73.91253,40.8048],[-73.91293,40.8049],[-73.92658,40.81066],[-73.92708,40.81093],[-73.92859,40.81208],[-73.92905,40.81234],[-73.92951,40.81247],[-73.92997,40.81247],[-73.93044,40.81235],[-73.93093,40.81209],[-73.93466,40.80815],[-73.97543,40.7523],[-73.97587,40.75201],[-73.97788,40.75154],[-73.97829,40.75127],[-73.98985,40.73541],[-73.98997,40.73488],[-73.98985,40.73406],[-73.98986,40.73348],[-73.99049,40.73084],[-73.99068,40.73042],[-73.99167,40.7296],[-73.99362,40.72731],[-73.99663,40.72349],[-73.99722,40.72219],[-74.0029,40.71577],[-74.00305,40.71547],[-74.00326,40.7141],[-74.00413,40.71307]]},"properties":{"kind":"line","system":"NYC Subway","ref":"6","name":"Lexington Avenue Local","color":"#009952","text_color":"#FFFFFF"}},{"type":"Feature","geometry":{"type":"LineString","coordinates":[[-74.00191,40.75588],[-73.99993,40.75858],[-73.99935,40.75912],[-73.99868,40.75944],[-73.99818,40.75952],[-73.99706,40.75938],[-73.98476,40.75424],[-73.9843,40.75416],[-73.98357,40.75428],[-73.98311,40.75423],[-73.98069,40.75333],[-73.9568,40.74334],[-73.95582,40.74306],[-73.95006,40.74197],[-73.94701,40.74273],[-73.94519,40.74345],[-73.9448,40.74372],[-73.94466,40.74397],[-73.94469,40.74427],[-73.94555,40.74557],[-73.94563,40.74583],[-73.9449,40.74815],[-73.94463,40.74862],[-73.94262,40.75093],[-73.94214,40.75119],[-73.94139,40.75109],[-73.93917,40.75013],[-73.93814,40.74953],[-73.93745,40.74899],[-73.93356,40.74522],[-73.93286,40.74484],[-73.91844,40.74313],[-73.9166,40.74297],[-73.9161,40.74306],[-73.91053,40.74475],[-73.90722,40.74533],[-73.90488,40.74543],[-73.86108,40.75006],[-73.84187,40.75574],[-73.83693,40.75769],[-73.83386,40.7583],[-73.83003,40.7596]]},"properties":{"kind":"line","system":"NYC Subway","ref":"7","name":"Flushing Local","color":"#9A38A1","text_color":"#FFFFFF"}},{"type":"Feature","geometry":{"type":"LineString","coordinates":[[-74.07364,40.64375],[-74.07417,40.64312],[-74.07457,40.64236],[-74.07535,40.63919],[-74.07531,40.63853],[-74.07479,40.63671],[-74.0743,40.63363],[-74.07445,40.63275],[-74.07503,40.63158],[-74.07525,40.63092],[-74.07533,40.63009],[-74.07528,40.62899],[-74.07504,40.62697],[-74.07481,40.62614],[-74.07352,40.62424],[-74.0718,40.62205],[-74.07121,40.62089],[-74.07114,40.62046],[-74.07123,40.61983],[-74.07154,40.61924],[-74.072,40.61871],[-74.07401,40.61744],[-74.07457,40.61693],[-74.07505,40.61633],[-74.07939,40.60909],[-74.08513,40.60172],[-74.0858,40.60044],[-74.087,40.59732],[-74.08804,40.59555],[-74.0893,40.59403],[-74.09082,40.59269],[-74.11957,40.57175],[-74.12118,40.57029],[-74.12568,40.56565],[-74.13511,40.55781],[-74.13691,40.5564],[-74.13804,40.55562],[-74.13923,40.55494],[-74.14151,40.55385],[-74.14299,40.55327],[-74.14491,40.55276],[-74.14866,40.55226],[-74.15025,40.55176],[-74.1551,40.54944],[-74.16655,40.54358],[-74.16893,40.54255],[-74.17154,40.54176],[-74.17941,40.54022],[-74.18149,40.53974],[-74.18351,40.53909],[-74.1858,40.53812],[-74.18811,40.53684],[-74.19007,40.53536],[-74.19127,40.53424],[-74.19849,40.52662],[-74.19964,40.52575],[-74.20112,40.52504],[-74.20228,40.52467],[-74.20355,40.52441],[-74.21707,40.52257],[-74.21871,40.5222],[-74.22526,40.5204],[-74.23964,40.51756],[-74.24074,40.5172],[-74.24352,40.51593],[-74.24645,40.5152],[-74.24893,40.51442],[-74.25049,40.5137],[-74.25196,40.51276]]},"properties":{"kind":"line","system":"NYC Subway","ref":"SIR","name":"Staten Island Railway","color":"#08179C","text_color":"#FFFFFF"}},{"type":"Feature","geometry":{"type":"MultiLineString","coordinates":[[[-73.98623,40.75598],[-73.98605,40.75574],[-73.98573,40.75552],[-73.97919,40.75277]],[[-73.95583,40.6806],[-73.95594,40.67943],[-73.96151,40.66413],[-73.9621,40.66281],[-73.96225,40.66219],[-73.96225,40.66161]],[[-73.81585,40.60818],[-73.8159,40.6083],[-73.81595,40.60847],[-73.81604,40.60872],[-73.8162,40.60925],[-73.82842,40.65614],[-73.82878,40.65722],[-73.83882,40.6781],[-73.84007,40.68027],[-73.84056,40.68072],[-73.84113,40.68087],[-73.84169,40.68084],[-73.84385,40.68043]],[[-73.81592,40.60838],[-73.8159,40.6083],[-73.81584,40.60814],[-73.81578,40.60798],[-73.81565,40.60768],[-73.80942,40.59313],[-73.80925,40.59244],[-73.80927,40.59176],[-73.80946,40.59108],[-73.80984,40.59041],[-73.8107,40.58947],[-73.81187,40.58875],[-73.82133,40.58501],[-73.82279,40.58454],[-73.82887,40.58283],[-73.83058,40.58227],[-73.83559,40.5809]]]},"properties":{"kind":"line","system":"NYC Subway","ref":"S","name":"Shuttles (42 St, Franklin Av, Rockaway Park)","color":"#7C858C","text_color":"#FFFFFF"}},{"type":"Feature","geometry":{"type":"Point","coordinates":[-73.89858,40.88925]},"properties":{"kind":"station","system":"NYC Subway","name":"Van Cortlandt Park-242 St","refs":"1"}},{"type":"Feature","geometry":{"type":"Point","coordinates":[-73.90087,40.88467]},"properties":{"kind":"station","system":"NYC Subway","name":"238 St","refs":"1"}},{"type":"Feature","geometry":{"type":"Point","coordinates":[-73.90483,40.87886]},"properties":{"kind":"station","system":"NYC Subway","name":"231 St","refs":"1"}},{"type":"Feature","geometry":{"type":"Point","coordinates":[-73.90983,40.87456]},"properties":{"kind":"station","system":"NYC Subway","name":"Marble Hill-225 St","refs":"1"}},{"type":"Feature","geometry":{"type":"Point","coordinates":[-73.91528,40.86944]},"properties":{"kind":"station","system":"NYC Subway","name":"215 St","refs":"1"}},{"type":"Feature","geometry":{"type":"Point","coordinates":[-73.91882,40.86462]},"properties":{"kind":"station","system":"NYC Subway","name":"207 St","refs":"1"}},{"type":"Feature","geometry":{"type":"Point","coordinates":[-73.92554,40.86053]},"properties":{"kind":"station","system":"NYC Subway","name":"Dyckman St","refs":"1"}},{"type":"Feature","geometry":{"type":"Point","coordinates":[-73.92941,40.85522]},"properties":{"kind":"station","system":"NYC Subway","name":"191 St","refs":"1"}},{"type":"Feature","geometry":{"type":"Point","coordinates":[-73.9336,40.84951]},"properties":{"kind":"station","system":"NYC Subway","name":"181 St","refs":"1"}},{"type":"Feature","geometry":{"type":"Point","coordinates":[-73.93985,40.84064]},"properties":{"kind":"station","system":"NYC Subway","name":"168 St","refs":"1,A,C"}},{"type":"Feature","geometry":{"type":"Point","coordinates":[-73.94489,40.83404]},"properties":{"kind":"station","system":"NYC Subway","name":"157 St","refs":"1"}},{"type":"Feature","geometry":{"type":"Point","coordinates":[-73.95036,40.82655]},"properties":{"kind":"station","system":"NYC Subway","name":"145 St","refs":"1"}},{"type":"Feature","geometry":{"type":"Point","coordinates":[-73.95368,40.82201]},"properties":{"kind":"station","system":"NYC Subway","name":"137 St-City College","refs":"1"}},{"type":"Feature","geometry":{"type":"Point","coordinates":[-73.95837,40.81558]},"properties":{"kind":"station","system":"NYC Subway","name":"125 St","refs":"1"}},{"type":"Feature","geometry":{"type":"Point","coordinates":[-73.96411,40.80772]},"properties":{"kind":"station","system":"NYC Subway","name":"116 St-Columbia University","refs":"1"}},{"type":"Feature","geometry":{"type":"Point","coordinates":[-73.96685,40.80397]},"properties":{"kind":"station","system":"NYC Subway","name":"Cathedral Pkwy (110 St)","refs":"1"}},{"type":"Feature","geometry":{"type":"Point","coordinates":[-73.96838,40.79945]},"properties":{"kind":"station","system":"NYC Subway","name":"103 St","refs":"1"}},{"type":"Feature","geometry":{"type":"Point","coordinates":[-73.97232,40.79392]},"properties":{"kind":"station","system":"NYC Subway","name":"96 St","refs":"1,2,3"}},{"type":"Feature","geometry":{"type":"Point","coordinates":[-73.97622,40.78864]},"properties":{"kind":"station","system":"NYC Subway","name":"86 St","refs":"1"}},{"type":"Feature","geometry":{"type":"Point","coordinates":[-73.97992,40.78393]},"properties":{"kind":"station","system":"NYC Subway","name":"79 St","refs":"1"}},{"type":"Feature","geometry":{"type":"Point","coordinates":[-73.98197,40.77845]},"properties":{"kind":"station","system":"NYC Subway","name":"72 St","refs":"1,2,3"}},{"type":"Feature","geometry":{"type":"Point","coordinates":[-73.98221,40.77344]},"properties":{"kind":"station","system":"NYC Subway","name":"66 St-Lincoln Center","refs":"1"}},{"type":"Feature","geometry":{"type":"Point","coordinates":[-73.98183,40.76827]},"properties":{"kind":"station","system":"NYC Subway","name":"59 St-Columbus Circle","refs":"1,A,C,B,D"}},{"type":"Feature","geometry":{"type":"Point","coordinates":[-73.98385,40.76173]},"properties":{"kind":"station","system":"NYC Subway","name":"50 St","refs":"1"}},{"type":"Feature","geometry":{"type":"Point","coordinates":[-73.98758,40.75575]},"properties":{"kind":"station","system":"NYC Subway","name":"Times Sq-42 St","refs":"1,2,3,7,A,C,E,N,Q,R,W,S"}},{"type":"Feature","geometry":{"type":"Point","coordinates":[-73.99106,40.75037]},"properties":{"kind":"station","system":"NYC Subway","name":"34 St-Penn Station","refs":"1,2,3"}},{"type":"Feature","geometry":{"type":"Point","coordinates":[-73.99336,40.74721]},"properties":{"kind":"station","system":"NYC Subway","name":"28 St","refs":"1"}},{"type":"Feature","geometry":{"type":"Point","coordinates":[-73.99566,40.74408]},"properties":{"kind":"station","system":"NYC Subway","name":"23 St","refs":"1"}},{"type":"Feature","geometry":{"type":"Point","coordinates":[-73.99787,40.74104]},"properties":{"kind":"station","system":"NYC Subway","name":"18 St","refs":"1"}},{"type":"Feature","geometry":{"type":"Point","coordinates":[-73.99773,40.7378]},"properties":{"kind":"station","system":"NYC Subway","name":"14 St","refs":"1,2,3,F,M,L"}},{"type":"Feature","geometry":{"type":"Point","coordinates":[-74.00291,40.73342]},"properties":{"kind":"station","system":"NYC Subway","name":"Christopher St-Stonewall","refs":"1"}},{"type":"Feature","geometry":{"type":"Point","coordinates":[-74.00537,40.72825]},"properties":{"kind":"station","system":"NYC Subway","name":"Houston St","refs":"1"}},{"type":"Feature","geometry":{"type":"Point","coordinates":[-74.00628,40.72285]},"properties":{"kind":"station","system":"NYC Subway","name":"Canal St","refs":"1"}},{"type":"Feature","geometry":{"type":"Point","coordinates":[-74.00689,40.71932]},"properties":{"kind":"station","system":"NYC Subway","name":"Franklin St","refs":"1"}},{"type":"Feature","geometry":{"type":"Point","coordinates":[-74.00927,40.71548]},"properties":{"kind":"station","system":"NYC Subway","name":"Chambers St","refs":"1,2,3"}},{"type":"Feature","geometry":{"type":"Point","coordinates":[-74.01219,40.71184]},"properties":{"kind":"station","system":"NYC Subway","name":"WTC Cortlandt","refs":"1"}},{"type":"Feature","geometry":{"type":"Point","coordinates":[-74.01378,40.70751]},"properties":{"kind":"station","system":"NYC Subway","name":"Rector St","refs":"1"}},{"type":"Feature","geometry":{"type":"Point","coordinates":[-74.01333,40.70258]},"properties":{"kind":"station","system":"NYC Subway","name":"Whitehall St-South Ferry","refs":"1,R,W"}},{"type":"Feature","geometry":{"type":"Point","coordinates":[-73.85062,40.90313]},"properties":{"kind":"station","system":"NYC Subway","name":"Wakefield-241 St","refs":"2"}},{"type":"Feature","geometry":{"type":"Point","coordinates":[-73.85438,40.89838]},"properties":{"kind":"station","system":"NYC Subway","name":"Nereid Av","refs":"2,5"}},{"type":"Feature","geometry":{"type":"Point","coordinates":[-73.85747,40.89319]},"properties":{"kind":"station","system":"NYC Subway","name":"233 St","refs":"2,5"}},{"type":"Feature","geometry":{"type":"Point","coordinates":[-73.86034,40.88802]},"properties":{"kind":"station","system":"NYC Subway","name":"225 St","refs":"2,5"}},{"type":"Feature","geometry":{"type":"Point","coordinates":[-73.86263,40.8839]},"properties":{"kind":"station","system":"NYC Subway","name":"219 St","refs":"2,5"}},{"type":"Feature","geometry":{"type":"Point","coordinates":[-73.86626,40.87785]},"properties":{"kind":"station","system":"NYC Subway","name":"Gun Hill Rd","refs":"2,5"}},{"type":"Feature","geometry":{"type":"Point","coordinates":[-73.86716,40.87136]},"properties":{"kind":"station","system":"NYC Subway","name":"Burke Av","refs":"2,5"}},{"type":"Feature","geometry":{"type":"Point","coordinates":[-73.86735,40.86546]},"properties":{"kind":"station","system":"NYC Subway","name":"Allerton Av","refs":"2,5"}},{"type":"Feature","geometry":{"type":"Point","coordinates":[-73.86762,40.85719]},"properties":{"kind":"station","system":"NYC Subway","name":"Pelham Pkwy","refs":"2,5"}},{"type":"Feature","geometry":{"type":"Point","coordinates":[-73.86846,40.84883]},"properties":{"kind":"station","system":"NYC Subway","name":"Bronx Park East","refs":"2,5"}},{"type":"Feature","geometry":{"type":"Point","coordinates":[-73.87349,40.84189]},"properties":{"kind":"station","system":"NYC Subway","name":"E 180 St","refs":"2,5"}},{"type":"Feature","geometry":{"type":"Point","coordinates":[-73.88005,40.84029]},"properties":{"kind":"station","system":"NYC Subway","name":"West Farms Sq-E Tremont Av","refs":"2,5"}},{"type":"Feature","geometry":{"type":"Point","coordinates":[-73.88773,40.83729]},"properties":{"kind":"station","system":"NYC Subway","name":"174 St","refs":"2,5"}},{"type":"Feature","geometry":{"type":"Point","coordinates":[-73.89186,40.82999]},"properties":{"kind":"station","system":"NYC Subway","name":"Freeman St","refs":"2,5"}},{"type":"Feature","geometry":{"type":"Point","coordinates":[-73.89306,40.82407]},"properties":{"kind":"station","system":"NYC Subway","name":"Simpson St","refs":"2,5"}},{"type":"Feature","geometry":{"type":"Point","coordinates":[-73.89674,40.82218]},"properties":{"kind":"station","system":"NYC Subway","name":"Intervale Av","refs":"2,5"}},{"type":"Feature","geometry":{"type":"Point","coordinates":[-73.90177,40.81958]},"properties":{"kind":"station","system":"NYC Subway","name":"Prospect Av","refs":"2,5"}},{"type":"Feature","geometry":{"type":"Point","coordinates":[-73.90781,40.81649]},"properties":{"kind":"station","system":"NYC Subway","name":"Jackson Av","refs":"2,5"}},{"type":"Feature","geometry":{"type":"Point","coordinates":[-73.91776,40.81611]},"properties":{"kind":"station","system":"NYC Subway","name":"3 Av-149 St","refs":"2,5"}},{"type":"Feature","geometry":{"type":"Point","coordinates":[-73.92703,40.81839]},"properties":{"kind":"station","system":"NYC Subway","name":"149 St-Hostos","refs":"2,4,5"}},{"type":"Feature","geometry":{"type":"Point","coordinates":[-73.94077,40.81423]},"properties":{"kind":"station","system":"NYC Subway","name":"135 St","refs":"2,3"}},{"type":"Feature","geometry":{"type":"Point","coordinates":[-73.94549,40.80775]},"properties":{"kind":"station","system":"NYC Subway","name":"125 St","refs":"2,3"}},{"type":"Feature","geometry":{"type":"Point","coordinates":[-73.94962,40.8021]},"properties":{"kind":"station","system":"NYC Subway","name":"116 St","refs":"2,3"}},{"type":"Feature","geometry":{"type":"Point","coordinates":[-73.95182,40.79908]},"properties":{"kind":"station","system":"NYC Subway","name":"110 St-Malcolm X Plaza","refs":"2,3"}},{"type":"Feature","geometry":{"type":"Point","coordinates":[-74.00955,40.7126]},"properties":{"kind":"station","system":"NYC Subway","name":"Cortlandt St","refs":"2,3,A,C,E,R,W"}},{"type":"Feature","geometry":{"type":"Point","coordinates":[-74.00784,40.71009]},"properties":{"kind":"station","system":"NYC Subway","name":"Fulton St","refs":"2,3,4,5,A,C,J,Z"}},{"type":"Feature","geometry":{"type":"Point","coordinates":[-74.0091,40.70682]},"properties":{"kind":"station","system":"NYC Subway","name":"Wall St","refs":"2,3"}},{"type":"Feature","geometry":{"type":"Point","coordinates":[-73.99309,40.69747]},"properties":{"kind":"station","system":"NYC Subway","name":"Clark St","refs":"2,3"}},{"type":"Feature","geometry":{"type":"Point","coordinates":[-73.99064,40.69324]},"properties":{"kind":"station","system":"NYC Subway","name":"Borough Hall","refs":"2,3,4,5,R"}},{"type":"Feature","geometry":{"type":"Point","coordinates":[-73.98507,40.69055]},"properties":{"kind":"station","system":"NYC Subway","name":"Hoyt St","refs":"2,3"}},{"type":"Feature","geometry":{"type":"Point","coordinates":[-73.98049,40.68825]},"properties":{"kind":"station","system":"NYC Subway","name":"Nevins St","refs":"2,3,4,5"}},{"type":"Feature","geometry":{"type":"Point","coordinates":[-73.97779,40.68416]},"properties":{"kind":"station","system":"NYC Subway","name":"Atlantic Av-Barclays Ctr","refs":"2,3,4,5,B,D,N,Q,R"}},{"type":"Feature","geometry":{"type":"Point","coordinates":[-73.9751,40.68083]},"properties":{"kind":"station","system":"NYC Subway","name":"Bergen St","refs":"2,3"}},{"type":"Feature","geometry":{"type":"Point","coordinates":[-73.97105,40.67524]},"properties":{"kind":"station","system":"NYC Subway","name":"Grand Army Plaza","refs":"2,3"}},{"type":"Feature","geometry":{"type":"Point","coordinates":[-73.96438,40.67199]},"properties":{"kind":"station","system":"NYC Subway","name":"Eastern Pkwy-Brooklyn Museum","refs":"2,3"}},{"type":"Feature","geometry":{"type":"Point","coordinates":[-73.95869,40.67051]},"properties":{"kind":"station","system":"NYC Subway","name":"Franklin Av-Medgar Evers College","refs":"2,3,4,5,S"}},{"type":"Feature","geometry":{"type":"Point","coordinates":[-73.95068,40.66788]},"properties":{"kind":"station","system":"NYC Subway","name":"President St-Medgar Evers College","refs":"2,5"}},{"type":"Feature","geometry":{"type":"Point","coordinates":[-73.95085,40.66274]},"properties":{"kind":"station","system":"NYC Subway","name":"Sterling St","refs":"2,5"}},{"type":"Feature","geometry":{"type":"Point","coordinates":[-73.9502,40.65665]},"properties":{"kind":"station","system":"NYC Subway","name":"Winthrop St","refs":"2,5"}},{"type":"Feature","geometry":{"type":"Point","coordinates":[-73.94957,40.65084]},"properties":{"kind":"station","system":"NYC Subway","name":"Church Av","refs":"2,5"}},{"type":"Feature","geometry":{"type":"Point","coordinates":[-73.94896,40.6451]},"properties":{"kind":"station","system":"NYC Subway","name":"Beverly Rd","refs":"2,5"}},{"type":"Feature","geometry":{"type":"Point","coordinates":[-73.94841,40.63997]},"properties":{"kind":"station","system":"NYC Subway","name":"Newkirk Av-Little Haiti","refs":"2,5"}},{"type":"Feature","geometry":{"type":"Point","coordinates":[-73.94764,40.63284]},"properties":{"kind":"station","system":"NYC Subway","name":"Flatbush Av-Brooklyn College","refs":"2,5"}},{"type":"Feature","geometry":{"type":"Point","coordinates":[-73.88408,40.66624]},"properties":{"kind":"station","system":"NYC Subway","name":"New Lots Av","refs":"3"}},{"type":"Feature","geometry":{"type":"Point","coordinates":[-73.88939,40.66545]},"properties":{"kind":"station","system":"NYC Subway","name":"Van Siclen Av","refs":"3"}},{"type":"Feature","geometry":{"type":"Point","coordinates":[-73.8949,40.66463]},"properties":{"kind":"station","system":"NYC Subway","name":"Pennsylvania Av","refs":"3"}},{"type":"Feature","geometry":{"type":"Point","coordinates":[-73.90245,40.66351]},"properties":{"kind":"station","system":"NYC Subway","name":"Junius St","refs":"3"}},{"type":"Feature","geometry":{"type":"Point","coordinates":[-73.90895,40.66255]},"properties":{"kind":"station","system":"NYC Subway","name":"Rockaway Av","refs":"3"}},{"type":"Feature","geometry":{"type":"Point","coordinates":[-73.91633,40.66145]},"properties":{"kind":"station","system":"NYC Subway","name":"Saratoga Av","refs":"3"}},{"type":"Feature","geometry":{"type":"Point","coordinates":[-73.92261,40.66472]},"properties":{"kind":"station","system":"NYC Subway","name":"Sutter Av-Rutland Rd","refs":"3"}},{"type":"Feature","geometry":{"type":"Point","coordinates":[-73.93294,40.6689]},"properties":{"kind":"station","system":"NYC Subway","name":"Crown Hts-Utica Av","refs":"3,4"}},{"type":"Feature","geometry":{"type":"Point","coordinates":[-73.94216,40.6694]},"properties":{"kind":"station","system":"NYC Subway","name":"Kingston Av","refs":"3"}},{"type":"Feature","geometry":{"type":"Point","coordinates":[-73.95047,40.66985]},"properties":{"kind":"station","system":"NYC Subway","name":"Nostrand Av","refs":"3"}},{"type":"Feature","geometry":{"type":"Point","coordinates":[-73.93647,40.82388]},"properties":{"kind":"station","system":"NYC Subway","name":"Harlem-148 St","refs":"3"}},{"type":"Feature","geometry":{"type":"Point","coordinates":[-73.93624,40.82042]},"properties":{"kind":"station","system":"NYC Subway","name":"145 St","refs":"3"}},{"type":"Feature","geometry":{"type":"Point","coordinates":[-73.87875,40.88604]},"properties":{"kind":"station","system":"NYC Subway","name":"Woodlawn","refs":"4"}},{"type":"Feature","geometry":{"type":"Point","coordinates":[-73.88465,40.87975]},"properties":{"kind":"station","system":"NYC Subway","name":"Mosholu Pkwy","refs":"4"}},{"type":"Feature","geometry":{"type":"Point","coordinates":[-73.89006,40.87341]},"properties":{"kind":"station","system":"NYC Subway","name":"Bedford Park Blvd-Lehman College","refs":"4"}},{"type":"Feature","geometry":{"type":"Point","coordinates":[-73.89717,40.86776]},"properties":{"kind":"station","system":"NYC Subway","name":"Kingsbridge Rd","refs":"4"}},{"type":"Feature","geometry":{"type":"Point","coordinates":[-73.90103,40.8628]},"properties":{"kind":"station","system":"NYC Subway","name":"Fordham Rd","refs":"4"}},{"type":"Feature","geometry":{"type":"Point","coordinates":[-73.90388,40.85841]},"properties":{"kind":"station","system":"NYC Subway","name":"183 St","refs":"4"}},{"type":"Feature","geometry":{"type":"Point","coordinates":[-73.90768,40.85345]},"properties":{"kind":"station","system":"NYC Subway","name":"Burnside Av","refs":"4"}},{"type":"Feature","geometry":{"type":"Point","coordinates":[-73.91179,40.84848]},"properties":{"kind":"station","system":"NYC Subway","name":"176 St","refs":"4"}},{"type":"Feature","geometry":{"type":"Point","coordinates":[-73.91469,40.84443]},"properties":{"kind":"station","system":"NYC Subway","name":"Mt Eden Av","refs":"4"}},{"type":"Feature","geometry":{"type":"Point","coordinates":[-73.91779,40.84007]},"properties":{"kind":"station","system":"NYC Subway","name":"170 St","refs":"4"}},{"type":"Feature","geometry":{"type":"Point","coordinates":[-73.9214,40.83554]},"properties":{"kind":"station","system":"NYC Subway","name":"167 St","refs":"4"}},{"type":"Feature","geometry":{"type":"Point","coordinates":[-73.92574,40.82795]},"properties":{"kind":"station","system":"NYC Subway","name":"161 St-Yankee Stadium","refs":"4,B,D"}},{"type":"Feature","geometry":{"type":"Point","coordinates":[-73.92985,40.81322]},"properties":{"kind":"station","system":"NYC Subway","name":"138 St-Grand Concourse","refs":"4,5"}},{"type":"Feature","geometry":{"type":"Point","coordinates":[-73.93759,40.80414]},"properties":{"kind":"station","system":"NYC Subway","name":"125 St","refs":"4,5,6"}},{"type":"Feature","geometry":{"type":"Point","coordinates":[-73.95559,40.77949]},"properties":{"kind":"station","system":"NYC Subway","name":"86 St","refs":"4,5,6"}},{"type":"Feature","geometry":{"type":"Point","coordinates":[-73.96761,40.76259]},"properties":{"kind":"station","system":"NYC Subway","name":"59 St","refs":"4,5,6,N,R,W"}},{"type":"Feature","geometry":{"type":"Point","coordinates":[-73.97736,40.75199]},"properties":{"kind":"station","system":"NYC Subway","name":"Grand Central-42 St","refs":"4,5,6,7,S"}},{"type":"Feature","geometry":{"type":"Point","coordinates":[-73.99042,40.73507]},"properties":{"kind":"station","system":"NYC Subway","name":"14 St-Union Sq","refs":"4,5,6,L,N,Q,R,W"}},{"type":"Feature","geometry":{"type":"Point","coordinates":[-74.00377,40.71315]},"properties":{"kind":"station","system":"NYC Subway","name":"Brooklyn Bridge-City Hall","refs":"4,5,6,J,Z"}},{"type":"Feature","geometry":{"type":"Point","coordinates":[-74.01186,40.70756]},"properties":{"kind":"station","system":"NYC Subway","name":"Wall St","refs":"4,5"}},{"type":"Feature","geometry":{"type":"Point","coordinates":[-74.01407,40.70482]},"properties":{"kind":"station","system":"NYC Subway","name":"Bowling Green","refs":"4,5"}},{"type":"Feature","geometry":{"type":"Point","coordinates":[-73.94162,40.79863]},"properties":{"kind":"station","system":"NYC Subway","name":"116 St","refs":"6"}},{"type":"Feature","geometry":{"type":"Point","coordinates":[-73.94425,40.79502]},"properties":{"kind":"station","system":"NYC Subway","name":"110 St","refs":"6"}},{"type":"Feature","geometry":{"type":"Point","coordinates":[-73.94748,40.7906]},"properties":{"kind":"station","system":"NYC Subway","name":"103 St","refs":"6"}},{"type":"Feature","geometry":{"type":"Point","coordinates":[-73.95107,40.78567]},"properties":{"kind":"station","system":"NYC Subway","name":"96 St","refs":"6"}},{"type":"Feature","geometry":{"type":"Point","coordinates":[-73.95987,40.77362]},"properties":{"kind":"station","system":"NYC Subway","name":"77 St","refs":"6"}},{"type":"Feature","geometry":{"type":"Point","coordinates":[-73.96387,40.76814]},"properties":{"kind":"station","system":"NYC Subway","name":"68 St-Hunter College","refs":"6"}},{"type":"Feature","geometry":{"type":"Point","coordinates":[-73.97049,40.75733]},"properties":{"kind":"station","system":"NYC Subway","name":"51 St","refs":"6,E,F"}},{"type":"Feature","geometry":{"type":"Point","coordinates":[-73.98208,40.74608]},"properties":{"kind":"station","system":"NYC Subway","name":"33 St","refs":"6"}},{"type":"Feature","geometry":{"type":"Point","coordinates":[-73.98426,40.74307]},"properties":{"kind":"station","system":"NYC Subway","name":"28 St","refs":"6"}},{"type":"Feature","geometry":{"type":"Point","coordinates":[-73.9866,40.73986]},"properties":{"kind":"station","system":"NYC Subway","name":"23 St-Baruch College","refs":"6"}},{"type":"Feature","geometry":{"type":"Point","coordinates":[-73.99107,40.73005]},"properties":{"kind":"station","system":"NYC Subway","name":"Astor Pl","refs":"6"}},{"type":"Feature","geometry":{"type":"Point","coordinates":[-73.99543,40.72561]},"properties":{"kind":"station","system":"NYC Subway","name":"Broadway-Lafayette St","refs":"6,B,D,F,M"}},{"type":"Feature","geometry":{"type":"Point","coordinates":[-73.99714,40.7223]},"properties":{"kind":"station","system":"NYC Subway","name":"Spring St","refs":"6"}},{"type":"Feature","geometry":{"type":"Point","coordinates":[-74.00058,40.7187]},"properties":{"kind":"station","system":"NYC Subway","name":"Canal St","refs":"6,J,Z,N,Q,R,W"}},{"type":"Feature","geometry":{"type":"Point","coordinates":[-73.83083,40.8883]},"properties":{"kind":"station","system":"NYC Subway","name":"Eastchester-Dyre Av","refs":"5"}},{"type":"Feature","geometry":{"type":"Point","coordinates":[-73.83859,40.87866]},"properties":{"kind":"station","system":"NYC Subway","name":"Baychester Av","refs":"5"}},{"type":"Feature","geometry":{"type":"Point","coordinates":[-73.84638,40.86953]},"properties":{"kind":"station","system":"NYC Subway","name":"Gun Hill Rd","refs":"5"}},{"type":"Feature","geometry":{"type":"Point","coordinates":[-73.85536,40.85898]},"properties":{"kind":"station","system":"NYC Subway","name":"Pelham Pkwy","refs":"5"}},{"type":"Feature","geometry":{"type":"Point","coordinates":[-73.8605,40.85436]},"properties":{"kind":"station","system":"NYC Subway","name":"Morris Park","refs":"5"}},{"type":"Feature","geometry":{"type":"Point","coordinates":[-73.82812,40.85246]},"properties":{"kind":"station","system":"NYC Subway","name":"Pelham Bay Park","refs":"6"}},{"type":"Feature","geometry":{"type":"Point","coordinates":[-73.83257,40.84681]},"properties":{"kind":"station","system":"NYC Subway","name":"Buhre Av","refs":"6"}},{"type":"Feature","geometry":{"type":"Point","coordinates":[-73.83632,40.84386]},"properties":{"kind":"station","system":"NYC Subway","name":"Middletown Rd","refs":"6"}},{"type":"Feature","geometry":{"type":"Point","coordinates":[-73.84295,40.83989]},"properties":{"kind":"station","system":"NYC Subway","name":"Westchester Sq-E Tremont Av","refs":"6"}},{"type":"Feature","geometry":{"type":"Point","coordinates":[-73.84704,40.83649]},"properties":{"kind":"station","system":"NYC Subway","name":"Zerega Av","refs":"6"}},{"type":"Feature","geometry":{"type":"Point","coordinates":[-73.85122,40.83425]},"properties":{"kind":"station","system":"NYC Subway","name":"Castle Hill Av","refs":"6"}},{"type":"Feature","geometry":{"type":"Point","coordinates":[-73.86082,40.83323]},"properties":{"kind":"station","system":"NYC Subway","name":"Parkchester","refs":"6"}},{"type":"Feature","geometry":{"type":"Point","coordinates":[-73.86762,40.83151]},"properties":{"kind":"station","system":"NYC Subway","name":"St Lawrence Av","refs":"6"}},{"type":"Feature","geometry":{"type":"Point","coordinates":[-73.87452,40.82952]},"properties":{"kind":"station","system":"NYC Subway","name":"Morrison Av-Soundview","refs":"6"}},{"type":"Feature","geometry":{"type":"Point","coordinates":[-73.87916,40.82858]},"properties":{"kind":"station","system":"NYC Subway","name":"Elder Av","refs":"6"}},{"type":"Feature","geometry":{"type":"Point","coordinates":[-73.88628,40.82652]},"properties":{"kind":"station","system":"NYC Subway","name":"Whitlock Av","refs":"6"}},{"type":"Feature","geometry":{"type":"Point","coordinates":[-73.89055,40.82095]},"properties":{"kind":"station","system":"NYC Subway","name":"Hunts Point Av","refs":"6"}},{"type":"Feature","geometry":{"type":"Point","coordinates":[-73.89643,40.8161]},"properties":{"kind":"station","system":"NYC Subway","name":"Longwood Av","refs":"6"}},{"type":"Feature","geometry":{"type":"Point","coordinates":[-73.9041,40.81212]},"properties":{"kind":"station","system":"NYC Subway","name":"E 149 St","refs":"6"}},{"type":"Feature","geometry":{"type":"Point","coordinates":[-73.90766,40.80872]},"properties":{"kind":"station","system":"NYC Subway","name":"E 143 St-St Mary's St","refs":"6"}},{"type":"Feature","geometry":{"type":"Point","coordinates":[-73.91404,40.80537]},"properties":{"kind":"station","system":"NYC Subway","name":"Cypress Av","refs":"6"}},{"type":"Feature","geometry":{"type":"Point","coordinates":[-73.91924,40.80757]},"properties":{"kind":"station","system":"NYC Subway","name":"Brook Av","refs":"6"}},{"type":"Feature","geometry":{"type":"Point","coordinates":[-73.92614,40.81048]},"properties":{"kind":"station","system":"NYC Subway","name":"3 Av-138 St","refs":"6"}},{"type":"Feature","geometry":{"type":"Point","coordinates":[-73.9199,40.86807]},"properties":{"kind":"station","system":"NYC Subway","name":"Inwood-207 St","refs":"A"}},{"type":"Feature","geometry":{"type":"Point","coordinates":[-73.92727,40.86549]},"properties":{"kind":"station","system":"NYC Subway","name":"Dyckman St","refs":"A"}},{"type":"Feature","geometry":{"type":"Point","coordinates":[-73.93418,40.85902]},"properties":{"kind":"station","system":"NYC Subway","name":"190 St","refs":"A"}},{"type":"Feature","geometry":{"type":"Point","coordinates":[-73.93797,40.85169]},"properties":{"kind":"station","system":"NYC Subway","name":"181 St","refs":"A"}},{"type":"Feature","geometry":{"type":"Point","coordinates":[-73.9397,40.84739]},"properties":{"kind":"station","system":"NYC Subway","name":"175 St","refs":"A"}},{"type":"Feature","geometry":{"type":"Point","coordinates":[-73.93989,40.83601]},"properties":{"kind":"station","system":"NYC Subway","name":"163 St-Amsterdam Av","refs":"C"}},{"type":"Feature","geometry":{"type":"Point","coordinates":[-73.94151,40.83052]},"properties":{"kind":"station","system":"NYC Subway","name":"155 St","refs":"C"}},{"type":"Feature","geometry":{"type":"Point","coordinates":[-73.94422,40.82478]},"properties":{"kind":"station","system":"NYC Subway","name":"145 St","refs":"A,C,B,D"}},{"type":"Feature","geometry":{"type":"Point","coordinates":[-73.94765,40.81789]},"properties":{"kind":"station","system":"NYC Subway","name":"135 St","refs":"C,B"}},{"type":"Feature","geometry":{"type":"Point","coordinates":[-73.95234,40.81111]},"properties":{"kind":"station","system":"NYC Subway","name":"125 St","refs":"A,C,B,D"}},{"type":"Feature","geometry":{"type":"Point","coordinates":[-73.95488,40.80508]},"properties":{"kind":"station","system":"NYC Subway","name":"116 St","refs":"C,B"}},{"type":"Feature","geometry":{"type":"Point","coordinates":[-73.95816,40.8006]},"properties":{"kind":"station","system":"NYC Subway","name":"Cathedral Pkwy (110 St)","refs":"C,B"}},{"type":"Feature","geometry":{"type":"Point","coordinates":[-73.96145,40.79609]},"properties":{"kind":"station","system":"NYC Subway","name":"103 St","refs":"C,B"}},{"type":"Feature","geometry":{"type":"Point","coordinates":[-73.9647,40.79164]},"properties":{"kind":"station","system":"NYC Subway","name":"96 St","refs":"C,B"}},{"type":"Feature","geometry":{"type":"Point","coordinates":[-73.96892,40.78587]},"properties":{"kind":"station","system":"NYC Subway","name":"86 St","refs":"C,B"}},{"type":"Feature","geometry":{"type":"Point","coordinates":[-73.97214,40.78143]},"properties":{"kind":"station","system":"NYC Subway","name":"81 St-Museum of Natural History","refs":"C,B"}},{"type":"Feature","geometry":{"type":"Point","coordinates":[-73.97641,40.77559]},"properties":{"kind":"station","system":"NYC Subway","name":"72 St","refs":"C,B"}},{"type":"Feature","geometry":{"type":"Point","coordinates":[-73.98598,40.76246]},"properties":{"kind":"station","system":"NYC Subway","name":"50 St","refs":"C,E"}},{"type":"Feature","geometry":{"type":"Point","coordinates":[-73.99339,40.75229]},"properties":{"kind":"station","system":"NYC Subway","name":"34 St-Penn Station","refs":"A,C,E"}},{"type":"Feature","geometry":{"type":"Point","coordinates":[-73.99804,40.74591]},"properties":{"kind":"station","system":"NYC Subway","name":"23 St","refs":"C,E"}},{"type":"Feature","geometry":{"type":"Point","coordinates":[-74.00213,40.74034]},"properties":{"kind":"station","system":"NYC Subway","name":"14 St","refs":"A,C,E,L"}},{"type":"Feature","geometry":{"type":"Point","coordinates":[-74.0005,40.73234]},"properties":{"kind":"station","system":"NYC Subway","name":"W 4 St-Wash Sq","refs":"A,C,E,B,D,F,M"}},{"type":"Feature","geometry":{"type":"Point","coordinates":[-74.00374,40.72623]},"properties":{"kind":"station","system":"NYC Subway","name":"Spring St","refs":"C,E"}},{"type":"Feature","geometry":{"type":"Point","coordinates":[-74.00523,40.72082]},"properties":{"kind":"station","system":"NYC Subway","name":"Canal St","refs":"A,C,E"}},{"type":"Feature","geometry":{"type":"Point","coordinates":[-73.99053,40.69934]},"properties":{"kind":"station","system":"NYC Subway","name":"High St","refs":"A,C"}},{"type":"Feature","geometry":{"type":"Point","coordinates":[-73.98664,40.69226]},"properties":{"kind":"station","system":"NYC Subway","name":"Jay St-MetroTech","refs":"A,C,F,R"}},{"type":"Feature","geometry":{"type":"Point","coordinates":[-73.985,40.68848]},"properties":{"kind":"station","system":"NYC Subway","name":"Hoyt-Schermerhorn Sts","refs":"A,C,G"}},{"type":"Feature","geometry":{"type":"Point","coordinates":[-73.97395,40.68611]},"properties":{"kind":"station","system":"NYC Subway","name":"Lafayette Av","refs":"C"}},{"type":"Feature","geometry":{"type":"Point","coordinates":[-73.96584,40.68326]},"properties":{"kind":"station","system":"NYC Subway","name":"Clinton-Washington Avs","refs":"C"}},{"type":"Feature","geometry":{"type":"Point","coordinates":[-73.95634,40.68099]},"properties":{"kind":"station","system":"NYC Subway","name":"Franklin Av","refs":"C,S"}},{"type":"Feature","geometry":{"type":"Point","coordinates":[-73.95043,40.68044]},"properties":{"kind":"station","system":"NYC Subway","name":"Nostrand Av","refs":"A,C"}},{"type":"Feature","geometry":{"type":"Point","coordinates":[-73.94086,40.67992]},"properties":{"kind":"station","system":"NYC Subway","name":"Kingston-Throop Avs","refs":"C"}},{"type":"Feature","geometry":{"type":"Point","coordinates":[-73.93073,40.67936]},"properties":{"kind":"station","system":"NYC Subway","name":"Utica Av","refs":"A,C"}},{"type":"Feature","geometry":{"type":"Point","coordinates":[-73.92079,40.67882]},"properties":{"kind":"station","system":"NYC Subway","name":"Ralph Av","refs":"C"}},{"type":"Feature","geometry":{"type":"Point","coordinates":[-73.91195,40.67834]},"properties":{"kind":"station","system":"NYC Subway","name":"Rockaway Av","refs":"C"}},{"type":"Feature","geometry":{"type":"Point","coordinates":[-73.90436,40.6789]},"properties":{"kind":"station","system":"NYC Subway","name":"Broadway Junction","refs":"A,C,J,Z,L"}},{"type":"Feature","geometry":{"type":"Point","coordinates":[-73.89655,40.67454]},"properties":{"kind":"station","system":"NYC Subway","name":"Liberty Av","refs":"C"}},{"type":"Feature","geometry":{"type":"Point","coordinates":[-73.89036,40.67271]},"properties":{"kind":"station","system":"NYC Subway","name":"Van Siclen Av","refs":"C"}},{"type":"Feature","geometry":{"type":"Point","coordinates":[-73.88075,40.67413]},"properties":{"kind":"station","system":"NYC Subway","name":"Shepherd Av","refs":"C"}},{"type":"Feature","geometry":{"type":"Point","coordinates":[-73.87211,40.67538]},"properties":{"kind":"station","system":"NYC Subway","name":"Euclid Av","refs":"A,C"}},{"type":"Feature","geometry":{"type":"Point","coordinates":[-73.86505,40.67704]},"properties":{"kind":"station","system":"NYC Subway","name":"Grant Av","refs":"A"}},{"type":"Feature","geometry":{"type":"Point","coordinates":[-73.85899,40.67937]},"properties":{"kind":"station","system":"NYC Subway","name":"80 St","refs":"A"}},{"type":"Feature","geometry":{"type":"Point","coordinates":[-73.85147,40.67984]},"properties":{"kind":"station","system":"NYC Subway","name":"88 St","refs":"A"}},{"type":"Feature","geometry":{"type":"Point","coordinates":[-73.84385,40.68043]},"properties":{"kind":"station","system":"NYC Subway","name":"Rockaway Blvd","refs":"A"}},{"type":"Feature","geometry":{"type":"Point","coordinates":[-73.83406,40.66823]},"properties":{"kind":"station","system":"NYC Subway","name":"Aqueduct-N Conduit Av","refs":"A"}},{"type":"Feature","geometry":{"type":"Point","coordinates":[-73.8303,40.66048]},"properties":{"kind":"station","system":"NYC Subway","name":"Howard Beach-JFK Airport","refs":"A"}},{"type":"Feature","geometry":{"type":"Point","coordinates":[-73.81592,40.60838]},"properties":{"kind":"station","system":"NYC Subway","name":"Broad Channel","refs":"A,S"}},{"type":"Feature","geometry":{"type":"Point","coordinates":[-73.79692,40.59093]},"properties":{"kind":"station","system":"NYC Subway","name":"Beach 67 St","refs":"A"}},{"type":"Feature","geometry":{"type":"Point","coordinates":[-73.78852,40.59237]},"properties":{"kind":"station","system":"NYC Subway","name":"Beach 60 St","refs":"A"}},{"type":"Feature","geometry":{"type":"Point","coordinates":[-73.77601,40.59294]},"properties":{"kind":"station","system":"NYC Subway","name":"Beach 44 St","refs":"A"}},{"type":"Feature","geometry":{"type":"Point","coordinates":[-73.76817,40.5954]},"properties":{"kind":"station","system":"NYC Subway","name":"Beach 36 St","refs":"A"}},{"type":"Feature","geometry":{"type":"Point","coordinates":[-73.76135,40.60007]},"properties":{"kind":"station","system":"NYC Subway","name":"Beach 25 St","refs":"A"}},{"type":"Feature","geometry":{"type":"Point","coordinates":[-73.7554,40.60399]},"properties":{"kind":"station","system":"NYC Subway","name":"Far Rockaway-Mott Av","refs":"A"}},{"type":"Feature","geometry":{"type":"Point","coordinates":[-73.8258,40.68595]},"properties":{"kind":"station","system":"NYC Subway","name":"Ozone Park-Lefferts Blvd","refs":"A"}},{"type":"Feature","geometry":{"type":"Point","coordinates":[-73.83216,40.68433]},"properties":{"kind":"station","system":"NYC Subway","name":"111 St","refs":"A"}},{"type":"Feature","geometry":{"type":"Point","coordinates":[-73.83768,40.68171]},"properties":{"kind":"station","system":"NYC Subway","name":"104 St","refs":"A"}},{"type":"Feature","geometry":{"type":"Point","coordinates":[-73.83592,40.6721]},"properties":{"kind":"station","system":"NYC Subway","name":"Aqueduct Racetrack","refs":"A"}},{"type":"Feature","geometry":{"type":"Point","coordinates":[-73.83559,40.5809]},"properties":{"kind":"station","system":"NYC Subway","name":"Rockaway Park-Beach 116 St","refs":"A,S"}},{"type":"Feature","geometry":{"type":"Point","coordinates":[-73.82756,40.58321]},"properties":{"kind":"station","system":"NYC Subway","name":"Beach 105 St","refs":"A,S"}},{"type":"Feature","geometry":{"type":"Point","coordinates":[-73.82056,40.58531]},"properties":{"kind":"station","system":"NYC Subway","name":"Beach 98 St","refs":"A,S"}},{"type":"Feature","geometry":{"type":"Point","coordinates":[-73.81364,40.58803]},"properties":{"kind":"station","system":"NYC Subway","name":"Beach 90 St","refs":"A,S"}},{"type":"Feature","geometry":{"type":"Point","coordinates":[-73.88714,40.87324]},"properties":{"kind":"station","system":"NYC Subway","name":"Bedford Park Blvd","refs":"B,D"}},{"type":"Feature","geometry":{"type":"Point","coordinates":[-73.89351,40.86698]},"properties":{"kind":"station","system":"NYC Subway","name":"Kingsbridge Rd","refs":"B,D"}},{"type":"Feature","geometry":{"type":"Point","coordinates":[-73.89775,40.8613]},"properties":{"kind":"station","system":"NYC Subway","name":"Fordham Rd","refs":"B,D"}},{"type":"Feature","geometry":{"type":"Point","coordinates":[-73.90074,40.85609]},"properties":{"kind":"station","system":"NYC Subway","name":"182-183 Sts","refs":"B,D"}},{"type":"Feature","geometry":{"type":"Point","coordinates":[-73.90523,40.85041]},"properties":{"kind":"station","system":"NYC Subway","name":"Tremont Av","refs":"B,D"}},{"type":"Feature","geometry":{"type":"Point","coordinates":[-73.91014,40.8459]},"properties":{"kind":"station","system":"NYC Subway","name":"174-175 Sts","refs":"B,D"}},{"type":"Feature","geometry":{"type":"Point","coordinates":[-73.9134,40.83931]},"properties":{"kind":"station","system":"NYC Subway","name":"170 St","refs":"B,D"}},{"type":"Feature","geometry":{"type":"Point","coordinates":[-73.91844,40.83377]},"properties":{"kind":"station","system":"NYC Subway","name":"167 St","refs":"B,D"}},{"type":"Feature","geometry":{"type":"Point","coordinates":[-73.93821,40.83013]},"properties":{"kind":"station","system":"NYC Subway","name":"155 St","refs":"B,D"}},{"type":"Feature","geometry":{"type":"Point","coordinates":[-73.98164,40.76286]},"properties":{"kind":"station","system":"NYC Subway","name":"7 Av","refs":"E,B,D"}},{"type":"Feature","geometry":{"type":"Point","coordinates":[-73.98133,40.75866]},"properties":{"kind":"station","system":"NYC Subway","name":"47-50 Sts-Rockefeller Ctr","refs":"B,D,F,M"}},{"type":"Feature","geometry":{"type":"Point","coordinates":[-73.98327,40.75402]},"properties":{"kind":"station","system":"NYC Subway","name":"42 St-Bryant Pk","refs":"7,B,D,F,M"}},{"type":"Feature","geometry":{"type":"Point","coordinates":[-73.98789,40.74964]},"properties":{"kind":"station","system":"NYC Subway","name":"34 St-Herald Sq","refs":"B,D,F,M,N,Q,R,W"}},{"type":"Feature","geometry":{"type":"Point","coordinates":[-73.99375,40.71827]},"properties":{"kind":"station","system":"NYC Subway","name":"Grand St","refs":"B,D"}},{"type":"Feature","geometry":{"type":"Point","coordinates":[-73.98182,40.69064]},"properties":{"kind":"station","system":"NYC Subway","name":"DeKalb Av","refs":"B,Q,R"}},{"type":"Feature","geometry":{"type":"Point","coordinates":[-73.97237,40.67705]},"properties":{"kind":"station","system":"NYC Subway","name":"7 Av","refs":"B,Q"}},{"type":"Feature","geometry":{"type":"Point","coordinates":[-73.96225,40.66161]},"properties":{"kind":"station","system":"NYC Subway","name":"Prospect Park","refs":"B,Q,S"}},{"type":"Feature","geometry":{"type":"Point","coordinates":[-73.96298,40.65053]},"properties":{"kind":"station","system":"NYC Subway","name":"Church Av","refs":"B,Q"}},{"type":"Feature","geometry":{"type":"Point","coordinates":[-73.96279,40.63508]},"properties":{"kind":"station","system":"NYC Subway","name":"Newkirk Plaza","refs":"B,Q"}},{"type":"Feature","geometry":{"type":"Point","coordinates":[-73.95773,40.60867]},"properties":{"kind":"station","system":"NYC Subway","name":"Kings Hwy","refs":"B,Q"}},{"type":"Feature","geometry":{"type":"Point","coordinates":[-73.95416,40.5869]},"properties":{"kind":"station","system":"NYC Subway","name":"Sheepshead Bay","refs":"B,Q"}},{"type":"Feature","geometry":{"type":"Point","coordinates":[-73.96138,40.57762]},"properties":{"kind":"station","system":"NYC Subway","name":"Brighton Beach","refs":"B,Q"}},{"type":"Feature","geometry":{"type":"Point","coordinates":[-73.87886,40.87481]},"properties":{"kind":"station","system":"NYC Subway","name":"Norwood-205 St","refs":"D"}},{"type":"Feature","geometry":{"type":"Point","coordinates":[-73.98311,40.67732]},"properties":{"kind":"station","system":"NYC Subway","name":"Union St","refs":"R"}},{"type":"Feature","geometry":{"type":"Point","coordinates":[-73.98904,40.67056]},"properties":{"kind":"station","system":"NYC Subway","name":"4 Av-9 St","refs":"F,G,R"}},{"type":"Feature","geometry":{"type":"Point","coordinates":[-73.99287,40.66541]},"properties":{"kind":"station","system":"NYC Subway","name":"Prospect Av","refs":"R"}},{"type":"Feature","geometry":{"type":"Point","coordinates":[-73.99809,40.6604]},"properties":{"kind":"station","system":"NYC Subway","name":"25 St","refs":"R"}},{"type":"Feature","geometry":{"type":"Point","coordinates":[-74.00355,40.65514]},"properties":{"kind":"station","system":"NYC Subway","name":"36 St","refs":"D,N,R"}},{"type":"Feature","geometry":{"type":"Point","coordinates":[-73.99432,40.64629]},"properties":{"kind":"station","system":"NYC Subway","name":"9 Av","refs":"D"}},{"type":"Feature","geometry":{"type":"Point","coordinates":[-73.9943,40.64091]},"properties":{"kind":"station","system":"NYC Subway","name":"Fort Hamilton Pkwy","refs":"D"}},{"type":"Feature","geometry":{"type":"Point","coordinates":[-73.99479,40.63626]},"properties":{"kind":"station","system":"NYC Subway","name":"50 St","refs":"D"}},{"type":"Feature","geometry":{"type":"Point","coordinates":[-73.99548,40.63144]},"properties":{"kind":"station","system":"NYC Subway","name":"55 St","refs":"D"}},{"type":"Feature","geometry":{"type":"Point","coordinates":[-73.99662,40.62566]},"properties":{"kind":"station","system":"NYC Subway","name":"62 St","refs":"D,N"}},{"type":"Feature","geometry":{"type":"Point","coordinates":[-73.99886,40.61959]},"properties":{"kind":"station","system":"NYC Subway","name":"71 St","refs":"D"}},{"type":"Feature","geometry":{"type":"Point","coordinates":[-74.00061,40.6135]},"properties":{"kind":"station","system":"NYC Subway","name":"79 St","refs":"D"}},{"type":"Feature","geometry":{"type":"Point","coordinates":[-74.00174,40.60795]},"properties":{"kind":"station","system":"NYC Subway","name":"18 Av","refs":"D"}},{"type":"Feature","geometry":{"type":"Point","coordinates":[-73.99817,40.60456]},"properties":{"kind":"station","system":"NYC Subway","name":"20 Av","refs":"D"}},{"type":"Feature","geometry":{"type":"Point","coordinates":[-73.99373,40.60187]},"properties":{"kind":"station","system":"NYC Subway","name":"Bay Pkwy","refs":"D"}},{"type":"Feature","geometry":{"type":"Point","coordinates":[-73.98683,40.5977]},"properties":{"kind":"station","system":"NYC Subway","name":"25 Av","refs":"D"}},{"type":"Feature","geometry":{"type":"Point","coordinates":[-73.98377,40.58884]},"properties":{"kind":"station","system":"NYC Subway","name":"Bay 50 St","refs":"D"}},{"type":"Feature","geometry":{"type":"Point","coordinates":[-73.98123,40.57742]},"properties":{"kind":"station","system":"NYC Subway","name":"Coney Island-Stillwell Av","refs":"D,F,N,Q"}},{"type":"Feature","geometry":{"type":"Point","coordinates":[-73.80111,40.70215]},"properties":{"kind":"station","system":"NYC Subway","name":"Jamaica Center-Parsons/Archer","refs":"E,J,Z"}},{"type":"Feature","geometry":{"type":"Point","coordinates":[-73.80797,40.70049]},"properties":{"kind":"station","system":"NYC Subway","name":"Sutphin Blvd-Archer Av-JFK Airport","refs":"E,J,Z"}},{"type":"Feature","geometry":{"type":"Point","coordinates":[-73.81686,40.70257]},"properties":{"kind":"station","system":"NYC Subway","name":"Jamaica-Van Wyck","refs":"E"}},{"type":"Feature","geometry":{"type":"Point","coordinates":[-73.82057,40.70918]},"properties":{"kind":"station","system":"NYC Subway","name":"Briarwood","refs":"E,F"}},{"type":"Feature","geometry":{"type":"Point","coordinates":[-73.83101,40.71444]},"properties":{"kind":"station","system":"NYC Subway","name":"Kew Gardens-Union Tpke","refs":"E,F"}},{"type":"Feature","geometry":{"type":"Point","coordinates":[-73.83732,40.71833]},"properties":{"kind":"station","system":"NYC Subway","name":"75 Av","refs":"E,F"}},{"type":"Feature","geometry":{"type":"Point","coordinates":[-73.84452,40.72169]},"properties":{"kind":"station","system":"NYC Subway","name":"Forest Hills-71 Av","refs":"E,F,M,R"}},{"type":"Feature","geometry":{"type":"Point","coordinates":[-73.85272,40.72652]},"properties":{"kind":"station","system":"NYC Subway","name":"67 Av","refs":"M,R"}},{"type":"Feature","geometry":{"type":"Point","coordinates":[-73.8616,40.72985]},"properties":{"kind":"station","system":"NYC Subway","name":"63 Dr-Rego Park","refs":"M,R"}},{"type":"Feature","geometry":{"type":"Point","coordinates":[-73.86923,40.73311]},"properties":{"kind":"station","system":"NYC Subway","name":"Woodhaven Blvd","refs":"M,R"}},{"type":"Feature","geometry":{"type":"Point","coordinates":[-73.87722,40.73701]},"properties":{"kind":"station","system":"NYC Subway","name":"Grand Av-Newtown","refs":"M,R"}},{"type":"Feature","geometry":{"type":"Point","coordinates":[-73.88202,40.74245]},"properties":{"kind":"station","system":"NYC Subway","name":"Elmhurst Av","refs":"M,R"}},{"type":"Feature","geometry":{"type":"Point","coordinates":[-73.89137,40.74675]},"properties":{"kind":"station","system":"NYC Subway","name":"Jackson Hts-Roosevelt Av","refs":"7,E,F,M,R"}},{"type":"Feature","geometry":{"type":"Point","coordinates":[-73.89845,40.74967]},"properties":{"kind":"station","system":"NYC Subway","name":"65 St","refs":"M,R"}},{"type":"Feature","geometry":{"type":"Point","coordinates":[-73.90601,40.75288]},"properties":{"kind":"station","system":"NYC Subway","name":"Northern Blvd","refs":"M,R"}},{"type":"Feature","geometry":{"type":"Point","coordinates":[-73.91333,40.75631]},"properties":{"kind":"station","system":"NYC Subway","name":"46 St","refs":"M,R"}},{"type":"Feature","geometry":{"type":"Point","coordinates":[-73.92074,40.75688]},"properties":{"kind":"station","system":"NYC Subway","name":"Steinway St","refs":"M,R"}},{"type":"Feature","geometry":{"type":"Point","coordinates":[-73.92878,40.75204]},"properties":{"kind":"station","system":"NYC Subway","name":"36 St","refs":"M,R"}},{"type":"Feature","geometry":{"type":"Point","coordinates":[-73.93724,40.74897]},"properties":{"kind":"station","system":"NYC Subway","name":"Queens Plaza","refs":"E,F,R"}},{"type":"Feature","geometry":{"type":"Point","coordinates":[-73.94503,40.74714]},"properties":{"kind":"station","system":"NYC Subway","name":"Court Sq-23 St","refs":"7,E,F,G"}},{"type":"Feature","geometry":{"type":"Point","coordinates":[-73.97522,40.76017]},"properties":{"kind":"station","system":"NYC Subway","name":"5 Av/53 St","refs":"E,F"}},{"type":"Feature","geometry":{"type":"Point","coordinates":[-73.78382,40.71265]},"properties":{"kind":"station","system":"NYC Subway","name":"Jamaica-179 St","refs":"F"}},{"type":"Feature","geometry":{"type":"Point","coordinates":[-73.80333,40.70756]},"properties":{"kind":"station","system":"NYC Subway","name":"Parsons Blvd","refs":"F"}},{"type":"Feature","geometry":{"type":"Point","coordinates":[-73.81071,40.70546]},"properties":{"kind":"station","system":"NYC Subway","name":"Sutphin Blvd","refs":"F"}},{"type":"Feature","geometry":{"type":"Point","coordinates":[-73.7936,40.71047]},"properties":{"kind":"station","system":"NYC Subway","name":"169 St","refs":"F"}},{"type":"Feature","geometry":{"type":"Point","coordinates":[-73.94284,40.7542]},"properties":{"kind":"station","system":"NYC Subway","name":"21 St-Queensbridge","refs":"M"}},{"type":"Feature","geometry":{"type":"Point","coordinates":[-73.95326,40.75914]},"properties":{"kind":"station","system":"NYC Subway","name":"Roosevelt Island","refs":"M"}},{"type":"Feature","geometry":{"type":"Point","coordinates":[-73.96611,40.76463]},"properties":{"kind":"station","system":"NYC Subway","name":"Lexington Av/63 St","refs":"M,Q"}},{"type":"Feature","geometry":{"type":"Point","coordinates":[-73.97745,40.76397]},"properties":{"kind":"station","system":"NYC Subway","name":"57 St","refs":"M"}},{"type":"Feature","geometry":{"type":"Point","coordinates":[-73.99282,40.74288]},"properties":{"kind":"station","system":"NYC Subway","name":"23 St","refs":"F,M"}},{"type":"Feature","geometry":{"type":"Point","coordinates":[-73.98994,40.7234]},"properties":{"kind":"station","system":"NYC Subway","name":"2 Av","refs":"F"}},{"type":"Feature","geometry":{"type":"Point","coordinates":[-73.98778,40.71846]},"properties":{"kind":"station","system":"NYC Subway","name":"Delancey St-Essex St","refs":"F,M,J,Z"}},{"type":"Feature","geometry":{"type":"Point","coordinates":[-73.99017,40.71372]},"properties":{"kind":"station","system":"NYC Subway","name":"East Broadway","refs":"F"}},{"type":"Feature","geometry":{"type":"Point","coordinates":[-73.98675,40.7014]},"properties":{"kind":"station","system":"NYC Subway","name":"York St","refs":"F"}},{"type":"Feature","geometry":{"type":"Point","coordinates":[-73.99086,40.68615]},"properties":{"kind":"station","system":"NYC Subway","name":"Bergen St","refs":"F,G"}},{"type":"Feature","geometry":{"type":"Point","coordinates":[-73.99505,40.6803]},"properties":{"kind":"station","system":"NYC Subway","name":"Carroll St","refs":"F,G"}},{"type":"Feature","geometry":{"type":"Point","coordinates":[-73.99596,40.67358]},"properties":{"kind":"station","system":"NYC Subway","name":"Smith-9 Sts","refs":"F,G"}},{"type":"Feature","geometry":{"type":"Point","coordinates":[-73.98031,40.66627]},"properties":{"kind":"station","system":"NYC Subway","name":"7 Av","refs":"F,G"}},{"type":"Feature","geometry":{"type":"Point","coordinates":[-73.97949,40.66036]},"properties":{"kind":"station","system":"NYC Subway","name":"15 St-Prospect Park","refs":"F,G"}},{"type":"Feature","geometry":{"type":"Point","coordinates":[-73.97578,40.65078]},"properties":{"kind":"station","system":"NYC Subway","name":"Fort Hamilton Pkwy","refs":"F,G"}},{"type":"Feature","geometry":{"type":"Point","coordinates":[-73.97968,40.64404]},"properties":{"kind":"station","system":"NYC Subway","name":"Church Av","refs":"F,G"}},{"type":"Feature","geometry":{"type":"Point","coordinates":[-73.97817,40.63612]},"properties":{"kind":"station","system":"NYC Subway","name":"Ditmas Av","refs":"F"}},{"type":"Feature","geometry":{"type":"Point","coordinates":[-73.97697,40.62976]},"properties":{"kind":"station","system":"NYC Subway","name":"18 Av","refs":"F"}},{"type":"Feature","geometry":{"type":"Point","coordinates":[-73.97613,40.62532]},"properties":{"kind":"station","system":"NYC Subway","name":"Avenue I","refs":"F"}},{"type":"Feature","geometry":{"type":"Point","coordinates":[-73.97526,40.62077]},"properties":{"kind":"station","system":"NYC Subway","name":"Bay Pkwy","refs":"F"}},{"type":"Feature","geometry":{"type":"Point","coordinates":[-73.9742,40.61514]},"properties":{"kind":"station","system":"NYC Subway","name":"Avenue N","refs":"F"}},{"type":"Feature","geometry":{"type":"Point","coordinates":[-73.97302,40.60894]},"properties":{"kind":"station","system":"NYC Subway","name":"Avenue P","refs":"F"}},{"type":"Feature","geometry":{"type":"Point","coordinates":[-73.97236,40.60322]},"properties":{"kind":"station","system":"NYC Subway","name":"Kings Hwy","refs":"F"}},{"type":"Feature","geometry":{"type":"Point","coordinates":[-73.97336,40.59606]},"properties":{"kind":"station","system":"NYC Subway","name":"Avenue U","refs":"F"}},{"type":"Feature","geometry":{"type":"Point","coordinates":[-73.97425,40.58962]},"properties":{"kind":"station","system":"NYC Subway","name":"Avenue X","refs":"F"}},{"type":"Feature","geometry":{"type":"Point","coordinates":[-73.97457,40.58101]},"properties":{"kind":"station","system":"NYC Subway","name":"Neptune Av","refs":"F"}},{"type":"Feature","geometry":{"type":"Point","coordinates":[-73.97594,40.57613]},"properties":{"kind":"station","system":"NYC Subway","name":"W 8 St-NY Aquarium","refs":"F,Q"}},{"type":"Feature","geometry":{"type":"Point","coordinates":[-73.95762,40.67477]},"properties":{"kind":"station","system":"NYC Subway","name":"Park Pl","refs":"S"}},{"type":"Feature","geometry":{"type":"Point","coordinates":[-73.94972,40.74406]},"properties":{"kind":"station","system":"NYC Subway","name":"21 St","refs":"G"}},{"type":"Feature","geometry":{"type":"Point","coordinates":[-73.95445,40.73135]},"properties":{"kind":"station","system":"NYC Subway","name":"Greenpoint Av","refs":"G"}},{"type":"Feature","geometry":{"type":"Point","coordinates":[-73.95128,40.72463]},"properties":{"kind":"station","system":"NYC Subway","name":"Nassau Av","refs":"G"}},{"type":"Feature","geometry":{"type":"Point","coordinates":[-73.95085,40.71343]},"properties":{"kind":"station","system":"NYC Subway","name":"Metropolitan Av","refs":"G,L"}},{"type":"Feature","geometry":{"type":"Point","coordinates":[-73.95031,40.70609]},"properties":{"kind":"station","system":"NYC Subway","name":"Broadway","refs":"G"}},{"type":"Feature","geometry":{"type":"Point","coordinates":[-73.95023,40.70038]},"properties":{"kind":"station","system":"NYC Subway","name":"Flushing Av","refs":"G"}},{"type":"Feature","geometry":{"type":"Point","coordinates":[-73.94905,40.69457]},"properties":{"kind":"station","system":"NYC Subway","name":"Myrtle-Willoughby Avs","refs":"G"}},{"type":"Feature","geometry":{"type":"Point","coordinates":[-73.95352,40.68963]},"properties":{"kind":"station","system":"NYC Subway","name":"Bedford-Nostrand Avs","refs":"G"}},{"type":"Feature","geometry":{"type":"Point","coordinates":[-73.96007,40.68887]},"properties":{"kind":"station","system":"NYC Subway","name":"Classon Av","refs":"G"}},{"type":"Feature","geometry":{"type":"Point","coordinates":[-73.96684,40.68809]},"properties":{"kind":"station","system":"NYC Subway","name":"Clinton-Washington Avs","refs":"G"}},{"type":"Feature","geometry":{"type":"Point","coordinates":[-73.97537,40.68712]},"properties":{"kind":"station","system":"NYC Subway","name":"Fulton St","refs":"G"}},{"type":"Feature","geometry":{"type":"Point","coordinates":[-73.90185,40.64665]},"properties":{"kind":"station","system":"NYC Subway","name":"Canarsie-Rockaway Pkwy","refs":"L"}},{"type":"Feature","geometry":{"type":"Point","coordinates":[-73.89948,40.65057]},"properties":{"kind":"station","system":"NYC Subway","name":"East 105 St","refs":"L"}},{"type":"Feature","geometry":{"type":"Point","coordinates":[-73.89923,40.65873]},"properties":{"kind":"station","system":"NYC Subway","name":"New Lots Av","refs":"L"}},{"type":"Feature","geometry":{"type":"Point","coordinates":[-73.90057,40.66404]},"properties":{"kind":"station","system":"NYC Subway","name":"Livonia Av","refs":"L"}},{"type":"Feature","geometry":{"type":"Point","coordinates":[-73.90197,40.66937]},"properties":{"kind":"station","system":"NYC Subway","name":"Sutter Av","refs":"L"}},{"type":"Feature","geometry":{"type":"Point","coordinates":[-73.9031,40.67535]},"properties":{"kind":"station","system":"NYC Subway","name":"Atlantic Av","refs":"L"}},{"type":"Feature","geometry":{"type":"Point","coordinates":[-73.90525,40.68283]},"properties":{"kind":"station","system":"NYC Subway","name":"Bushwick Av-Aberdeen St","refs":"L"}},{"type":"Feature","geometry":{"type":"Point","coordinates":[-73.90405,40.68876]},"properties":{"kind":"station","system":"NYC Subway","name":"Wilson Av","refs":"L"}},{"type":"Feature","geometry":{"type":"Point","coordinates":[-73.90408,40.6956]},"properties":{"kind":"station","system":"NYC Subway","name":"Halsey St","refs":"L"}},{"type":"Feature","geometry":{"type":"Point","coordinates":[-73.91199,40.69962]},"properties":{"kind":"station","system":"NYC Subway","name":"Myrtle-Wyckoff Avs","refs":"M,L"}},{"type":"Feature","geometry":{"type":"Point","coordinates":[-73.91842,40.70381]},"properties":{"kind":"station","system":"NYC Subway","name":"DeKalb Av","refs":"L"}},{"type":"Feature","geometry":{"type":"Point","coordinates":[-73.92291,40.70661]},"properties":{"kind":"station","system":"NYC Subway","name":"Jefferson St","refs":"L"}},{"type":"Feature","geometry":{"type":"Point","coordinates":[-73.93315,40.70615]},"properties":{"kind":"station","system":"NYC Subway","name":"Morgan Av","refs":"L"}},{"type":"Feature","geometry":{"type":"Point","coordinates":[-73.93985,40.70774]},"properties":{"kind":"station","system":"NYC Subway","name":"Montrose Av","refs":"L"}},{"type":"Feature","geometry":{"type":"Point","coordinates":[-73.94067,40.71193]},"properties":{"kind":"station","system":"NYC Subway","name":"Grand St","refs":"L"}},{"type":"Feature","geometry":{"type":"Point","coordinates":[-73.94405,40.71457]},"properties":{"kind":"station","system":"NYC Subway","name":"Graham Av","refs":"L"}},{"type":"Feature","geometry":{"type":"Point","coordinates":[-73.95687,40.7173]},"properties":{"kind":"station","system":"NYC Subway","name":"Bedford Av","refs":"L"}},{"type":"Feature","geometry":{"type":"Point","coordinates":[-73.98163,40.73095]},"properties":{"kind":"station","system":"NYC Subway","name":"1 Av","refs":"L"}},{"type":"Feature","geometry":{"type":"Point","coordinates":[-73.98612,40.73285]},"properties":{"kind":"station","system":"NYC Subway","name":"3 Av","refs":"L"}},{"type":"Feature","geometry":{"type":"Point","coordinates":[-73.93566,40.69721]},"properties":{"kind":"station","system":"NYC Subway","name":"Myrtle Av","refs":"M,J,Z"}},{"type":"Feature","geometry":{"type":"Point","coordinates":[-73.9274,40.69786]},"properties":{"kind":"station","system":"NYC Subway","name":"Central Av","refs":"M"}},{"type":"Feature","geometry":{"type":"Point","coordinates":[-73.91971,40.69866]},"properties":{"kind":"station","system":"NYC Subway","name":"Knickerbocker Av","refs":"M"}},{"type":"Feature","geometry":{"type":"Point","coordinates":[-73.90774,40.70276]},"properties":{"kind":"station","system":"NYC Subway","name":"Seneca Av","refs":"M"}},{"type":"Feature","geometry":{"type":"Point","coordinates":[-73.90308,40.70442]},"properties":{"kind":"station","system":"NYC Subway","name":"Forest Av","refs":"M"}},{"type":"Feature","geometry":{"type":"Point","coordinates":[-73.89588,40.70619]},"properties":{"kind":"station","system":"NYC Subway","name":"Fresh Pond Rd","refs":"M"}},{"type":"Feature","geometry":{"type":"Point","coordinates":[-73.8896,40.7114]},"properties":{"kind":"station","system":"NYC Subway","name":"Middle Village-Metropolitan Av","refs":"M"}},{"type":"Feature","geometry":{"type":"Point","coordinates":[-73.94113,40.70026]},"properties":{"kind":"station","system":"NYC Subway","name":"Flushing Av","refs":"M,J"}},{"type":"Feature","geometry":{"type":"Point","coordinates":[-73.94741,40.70387]},"properties":{"kind":"station","system":"NYC Subway","name":"Lorimer St","refs":"M,J"}},{"type":"Feature","geometry":{"type":"Point","coordinates":[-73.95343,40.70687]},"properties":{"kind":"station","system":"NYC Subway","name":"Hewes St","refs":"M,J"}},{"type":"Feature","geometry":{"type":"Point","coordinates":[-73.95776,40.70836]},"properties":{"kind":"station","system":"NYC Subway","name":"Marcy Av","refs":"M,J,Z"}},{"type":"Feature","geometry":{"type":"Point","coordinates":[-73.91203,40.77504]},"properties":{"kind":"station","system":"NYC Subway","name":"Astoria-Ditmars Blvd","refs":"N,W"}},{"type":"Feature","geometry":{"type":"Point","coordinates":[-73.91784,40.77026]},"properties":{"kind":"station","system":"NYC Subway","name":"Astoria Blvd","refs":"N,W"}},{"type":"Feature","geometry":{"type":"Point","coordinates":[-73.92148,40.76678]},"properties":{"kind":"station","system":"NYC Subway","name":"30 Av","refs":"N,W"}},{"type":"Feature","geometry":{"type":"Point","coordinates":[-73.92551,40.76182]},"properties":{"kind":"station","system":"NYC Subway","name":"Broadway","refs":"N,W"}},{"type":"Feature","geometry":{"type":"Point","coordinates":[-73.92957,40.7568]},"properties":{"kind":"station","system":"NYC Subway","name":"36 Av","refs":"N,W"}},{"type":"Feature","geometry":{"type":"Point","coordinates":[-73.93276,40.75288]},"properties":{"kind":"station","system":"NYC Subway","name":"39 Av-Dutch Kills","refs":"N,W"}},{"type":"Feature","geometry":{"type":"Point","coordinates":[-73.9402,40.75058]},"properties":{"kind":"station","system":"NYC Subway","name":"Queensboro Plaza","refs":"7,N,W"}},{"type":"Feature","geometry":{"type":"Point","coordinates":[-73.97335,40.76481]},"properties":{"kind":"station","system":"NYC Subway","name":"5 Av/59 St","refs":"N,R,W"}},{"type":"Feature","geometry":{"type":"Point","coordinates":[-73.98066,40.76466]},"properties":{"kind":"station","system":"NYC Subway","name":"57 St-7 Av","refs":"N,Q,R,W"}},{"type":"Feature","geometry":{"type":"Point","coordinates":[-73.98414,40.7599]},"properties":{"kind":"station","system":"NYC Subway","name":"49 St","refs":"N,R,W"}},{"type":"Feature","geometry":{"type":"Point","coordinates":[-73.98869,40.74549]},"properties":{"kind":"station","system":"NYC Subway","name":"28 St","refs":"R,W"}},{"type":"Feature","geometry":{"type":"Point","coordinates":[-73.98934,40.7413]},"properties":{"kind":"station","system":"NYC Subway","name":"23 St","refs":"R,W"}},{"type":"Feature","geometry":{"type":"Point","coordinates":[-73.99263,40.73033]},"properties":{"kind":"station","system":"NYC Subway","name":"8 St-NYU","refs":"R,W"}},{"type":"Feature","geometry":{"type":"Point","coordinates":[-73.9977,40.72433]},"properties":{"kind":"station","system":"NYC Subway","name":"Prince St","refs":"R,W"}},{"type":"Feature","geometry":{"type":"Point","coordinates":[-74.00698,40.71328]},"properties":{"kind":"station","system":"NYC Subway","name":"City Hall","refs":"R,W"}},{"type":"Feature","geometry":{"type":"Point","coordinates":[-74.01334,40.70722]},"properties":{"kind":"station","system":"NYC Subway","name":"Rector St","refs":"R,W"}},{"type":"Feature","geometry":{"type":"Point","coordinates":[-74.01001,40.64894]},"properties":{"kind":"station","system":"NYC Subway","name":"45 St","refs":"R"}},{"type":"Feature","geometry":{"type":"Point","coordinates":[-74.01403,40.64507]},"properties":{"kind":"station","system":"NYC Subway","name":"53 St","refs":"R"}},{"type":"Feature","geometry":{"type":"Point","coordinates":[-74.01788,40.64136]},"properties":{"kind":"station","system":"NYC Subway","name":"59 St","refs":"N,R"}},{"type":"Feature","geometry":{"type":"Point","coordinates":[-74.01172,40.63506]},"properties":{"kind":"station","system":"NYC Subway","name":"8 Av","refs":"N"}},{"type":"Feature","geometry":{"type":"Point","coordinates":[-74.00535,40.63139]},"properties":{"kind":"station","system":"NYC Subway","name":"Fort Hamilton Pkwy","refs":"N"}},{"type":"Feature","geometry":{"type":"Point","coordinates":[-73.99041,40.62067]},"properties":{"kind":"station","system":"NYC Subway","name":"18 Av","refs":"N"}},{"type":"Feature","geometry":{"type":"Point","coordinates":[-73.98503,40.61741]},"properties":{"kind":"station","system":"NYC Subway","name":"20 Av","refs":"N"}},{"type":"Feature","geometry":{"type":"Point","coordinates":[-73.98185,40.61181]},"properties":{"kind":"station","system":"NYC Subway","name":"Bay Pkwy","refs":"N"}},{"type":"Feature","geometry":{"type":"Point","coordinates":[-73.98035,40.60392]},"properties":{"kind":"station","system":"NYC Subway","name":"Kings Hwy","refs":"N"}},{"type":"Feature","geometry":{"type":"Point","coordinates":[-73.97914,40.59747]},"properties":{"kind":"station","system":"NYC Subway","name":"Avenue U","refs":"N"}},{"type":"Feature","geometry":{"type":"Point","coordinates":[-73.97823,40.59272]},"properties":{"kind":"station","system":"NYC Subway","name":"86 St","refs":"N"}},{"type":"Feature","geometry":{"type":"Point","coordinates":[-73.95842,40.7688]},"properties":{"kind":"station","system":"NYC Subway","name":"72 St","refs":"Q"}},{"type":"Feature","geometry":{"type":"Point","coordinates":[-73.95179,40.77789]},"properties":{"kind":"station","system":"NYC Subway","name":"86 St","refs":"Q"}},{"type":"Feature","geometry":{"type":"Point","coordinates":[-73.94715,40.78432]},"properties":{"kind":"station","system":"NYC Subway","name":"96 St","refs":"Q"}},{"type":"Feature","geometry":{"type":"Point","coordinates":[-73.96149,40.65529]},"properties":{"kind":"station","system":"NYC Subway","name":"Parkside Av","refs":"Q"}},{"type":"Feature","geometry":{"type":"Point","coordinates":[-73.96449,40.64403]},"properties":{"kind":"station","system":"NYC Subway","name":"Beverley Rd","refs":"Q"}},{"type":"Feature","geometry":{"type":"Point","coordinates":[-73.96389,40.64093]},"properties":{"kind":"station","system":"NYC Subway","name":"Cortelyou Rd","refs":"Q"}},{"type":"Feature","geometry":{"type":"Point","coordinates":[-73.96164,40.62927]},"properties":{"kind":"station","system":"NYC Subway","name":"Avenue H","refs":"Q"}},{"type":"Feature","geometry":{"type":"Point","coordinates":[-73.9608,40.62504]},"properties":{"kind":"station","system":"NYC Subway","name":"Avenue J","refs":"Q"}},{"type":"Feature","geometry":{"type":"Point","coordinates":[-73.9594,40.61762]},"properties":{"kind":"station","system":"NYC Subway","name":"Avenue M","refs":"Q"}},{"type":"Feature","geometry":{"type":"Point","coordinates":[-73.95593,40.5993]},"properties":{"kind":"station","system":"NYC Subway","name":"Avenue U","refs":"Q"}},{"type":"Feature","geometry":{"type":"Point","coordinates":[-73.95516,40.59525]},"properties":{"kind":"station","system":"NYC Subway","name":"Neck Rd","refs":"Q"}},{"type":"Feature","geometry":{"type":"Point","coordinates":[-73.9685,40.57631]},"properties":{"kind":"station","system":"NYC Subway","name":"Ocean Pkwy","refs":"Q"}},{"type":"Feature","geometry":{"type":"Point","coordinates":[-74.02338,40.63497]},"properties":{"kind":"station","system":"NYC Subway","name":"Bay Ridge Av","refs":"R"}},{"type":"Feature","geometry":{"type":"Point","coordinates":[-74.02551,40.62974]},"properties":{"kind":"station","system":"NYC Subway","name":"77 St","refs":"R"}},{"type":"Feature","geometry":{"type":"Point","coordinates":[-74.0284,40.62269]},"properties":{"kind":"station","system":"NYC Subway","name":"86 St","refs":"R"}},{"type":"Feature","geometry":{"type":"Point","coordinates":[-74.03088,40.61662]},"properties":{"kind":"station","system":"NYC Subway","name":"Bay Ridge-95 St","refs":"R"}},{"type":"Feature","geometry":{"type":"Point","coordinates":[-73.83003,40.7596]},"properties":{"kind":"station","system":"NYC Subway","name":"Flushing-Main St","refs":"7"}},{"type":"Feature","geometry":{"type":"Point","coordinates":[-73.84562,40.75462]},"properties":{"kind":"station","system":"NYC Subway","name":"Mets-Willets Point","refs":"7"}},{"type":"Feature","geometry":{"type":"Point","coordinates":[-73.85533,40.75173]},"properties":{"kind":"station","system":"NYC Subway","name":"111 St","refs":"7"}},{"type":"Feature","geometry":{"type":"Point","coordinates":[-73.8627,40.74986]},"properties":{"kind":"station","system":"NYC Subway","name":"103 St-Corona Plaza","refs":"7"}},{"type":"Feature","geometry":{"type":"Point","coordinates":[-73.86953,40.74914]},"properties":{"kind":"station","system":"NYC Subway","name":"Junction Blvd","refs":"7"}},{"type":"Feature","geometry":{"type":"Point","coordinates":[-73.87661,40.74841]},"properties":{"kind":"station","system":"NYC Subway","name":"90 St-Elmhurst Av","refs":"7"}},{"type":"Feature","geometry":{"type":"Point","coordinates":[-73.8837,40.74766]},"properties":{"kind":"station","system":"NYC Subway","name":"82 St-Jackson Hts","refs":"7"}},{"type":"Feature","geometry":{"type":"Point","coordinates":[-73.8964,40.74632]},"properties":{"kind":"station","system":"NYC Subway","name":"69 St","refs":"7"}},{"type":"Feature","geometry":{"type":"Point","coordinates":[-73.90298,40.74563]},"properties":{"kind":"station","system":"NYC Subway","name":"61 St-Woodside","refs":"7"}},{"type":"Feature","geometry":{"type":"Point","coordinates":[-73.91255,40.74415]},"properties":{"kind":"station","system":"NYC Subway","name":"52 St","refs":"7"}},{"type":"Feature","geometry":{"type":"Point","coordinates":[-73.91844,40.74313]},"properties":{"kind":"station","system":"NYC Subway","name":"46 St-Bliss St","refs":"7"}},{"type":"Feature","geometry":{"type":"Point","coordinates":[-73.92402,40.74378]},"properties":{"kind":"station","system":"NYC Subway","name":"40 St-Lowery St","refs":"7"}},{"type":"Feature","geometry":{"type":"Point","coordinates":[-73.931,40.74459]},"properties":{"kind":"station","system":"NYC Subway","name":"33 St-Rawson St","refs":"7"}},{"type":"Feature","geometry":{"type":"Point","coordinates":[-73.94892,40.74222]},"properties":{"kind":"station","system":"NYC Subway","name":"Hunters Point Av","refs":"7"}},{"type":"Feature","geometry":{"type":"Point","coordinates":[-73.95358,40.74263]},"properties":{"kind":"station","system":"NYC Subway","name":"Vernon Blvd-Jackson Av","refs":"7"}},{"type":"Feature","geometry":{"type":"Point","coordinates":[-74.00191,40.75588]},"properties":{"kind":"station","system":"NYC Subway","name":"34 St-Hudson Yards","refs":"7"}},{"type":"Feature","geometry":{"type":"Point","coordinates":[-73.82829,40.70049]},"properties":{"kind":"station","system":"NYC Subway","name":"121 St","refs":"J,Z"}},{"type":"Feature","geometry":{"type":"Point","coordinates":[-73.83634,40.69742]},"properties":{"kind":"station","system":"NYC Subway","name":"111 St","refs":"J"}},{"type":"Feature","geometry":{"type":"Point","coordinates":[-73.84433,40.69518]},"properties":{"kind":"station","system":"NYC Subway","name":"104 St","refs":"J,Z"}},{"type":"Feature","geometry":{"type":"Point","coordinates":[-73.85158,40.69388]},"properties":{"kind":"station","system":"NYC Subway","name":"Woodhaven Blvd","refs":"J,Z"}},{"type":"Feature","geometry":{"type":"Point","coordinates":[-73.86001,40.69244]},"properties":{"kind":"station","system":"NYC Subway","name":"85 St-Forest Pkwy","refs":"J"}},{"type":"Feature","geometry":{"type":"Point","coordinates":[-73.86714,40.69132]},"properties":{"kind":"station","system":"NYC Subway","name":"75 St-Elderts Ln","refs":"J,Z"}},{"type":"Feature","geometry":{"type":"Point","coordinates":[-73.87255,40.68994]},"properties":{"kind":"station","system":"NYC Subway","name":"Cypress Hills","refs":"J"}},{"type":"Feature","geometry":{"type":"Point","coordinates":[-73.87378,40.68319]},"properties":{"kind":"station","system":"NYC Subway","name":"Crescent St","refs":"J,Z"}},{"type":"Feature","geometry":{"type":"Point","coordinates":[-73.88004,40.68141]},"properties":{"kind":"station","system":"NYC Subway","name":"Norwood Av","refs":"J,Z"}},{"type":"Feature","geometry":{"type":"Point","coordinates":[-73.88464,40.67995]},"properties":{"kind":"station","system":"NYC Subway","name":"Cleveland St","refs":"J"}},{"type":"Feature","geometry":{"type":"Point","coordinates":[-73.89169,40.67802]},"properties":{"kind":"station","system":"NYC Subway","name":"Van Siclen Av","refs":"J,Z"}},{"type":"Feature","geometry":{"type":"Point","coordinates":[-73.89865,40.67699]},"properties":{"kind":"station","system":"NYC Subway","name":"Alabama Av","refs":"J,Z"}},{"type":"Feature","geometry":{"type":"Point","coordinates":[-73.91046,40.68289]},"properties":{"kind":"station","system":"NYC Subway","name":"Chauncey St","refs":"J,Z"}},{"type":"Feature","geometry":{"type":"Point","coordinates":[-73.91656,40.68637]},"properties":{"kind":"station","system":"NYC Subway","name":"Halsey St","refs":"J"}},{"type":"Feature","geometry":{"type":"Point","coordinates":[-73.92227,40.68963]},"properties":{"kind":"station","system":"NYC Subway","name":"Gates Av","refs":"J,Z"}},{"type":"Feature","geometry":{"type":"Point","coordinates":[-73.92881,40.69334]},"properties":{"kind":"station","system":"NYC Subway","name":"Kosciuszko St","refs":"J"}},{"type":"Feature","geometry":{"type":"Point","coordinates":[-73.99392,40.72028]},"properties":{"kind":"station","system":"NYC Subway","name":"Bowery","refs":"J,Z"}},{"type":"Feature","geometry":{"type":"Point","coordinates":[-74.01106,40.70648]},"properties":{"kind":"station","system":"NYC Subway","name":"Broad St","refs":"J,Z"}},{"type":"Feature","geometry":{"type":"Point","coordinates":[-74.07364,40.64375]},"properties":{"kind":"station","system":"NYC Subway","name":"St George","refs":"SIR"}},{"type":"Feature","geometry":{"type":"Point","coordinates":[-74.07483,40.63695]},"properties":{"kind":"station","system":"NYC Subway","name":"Tompkinsville","refs":"SIR"}},{"type":"Feature","geometry":{"type":"Point","coordinates":[-74.07516,40.62792]},"properties":{"kind":"station","system":"NYC Subway","name":"Stapleton","refs":"SIR"}},{"type":"Feature","geometry":{"type":"Point","coordinates":[-74.0714,40.62132]},"properties":{"kind":"station","system":"NYC Subway","name":"Clifton","refs":"SIR"}},{"type":"Feature","geometry":{"type":"Point","coordinates":[-74.08409,40.60312]},"properties":{"kind":"station","system":"NYC Subway","name":"Grasmere","refs":"SIR"}},{"type":"Feature","geometry":{"type":"Point","coordinates":[-74.08737,40.59661]},"properties":{"kind":"station","system":"NYC Subway","name":"Old Town","refs":"SIR"}},{"type":"Feature","geometry":{"type":"Point","coordinates":[-74.09609,40.58885]},"properties":{"kind":"station","system":"NYC Subway","name":"Dongan Hills","refs":"SIR"}},{"type":"Feature","geometry":{"type":"Point","coordinates":[-74.10334,40.58359]},"properties":{"kind":"station","system":"NYC Subway","name":"Jefferson Av","refs":"SIR"}},{"type":"Feature","geometry":{"type":"Point","coordinates":[-74.1097,40.57896]},"properties":{"kind":"station","system":"NYC Subway","name":"Grant City","refs":"SIR"}},{"type":"Feature","geometry":{"type":"Point","coordinates":[-74.11721,40.57348]},"properties":{"kind":"station","system":"NYC Subway","name":"New Dorp","refs":"SIR"}},{"type":"Feature","geometry":{"type":"Point","coordinates":[-74.12632,40.56511]},"properties":{"kind":"station","system":"NYC Subway","name":"Oakwood Heights","refs":"SIR"}},{"type":"Feature","geometry":{"type":"Point","coordinates":[-74.13691,40.5564]},"properties":{"kind":"station","system":"NYC Subway","name":"Bay Terrace","refs":"SIR"}},{"type":"Feature","geometry":{"type":"Point","coordinates":[-74.1514,40.55123]},"properties":{"kind":"station","system":"NYC Subway","name":"Great Kills","refs":"SIR"}},{"type":"Feature","geometry":{"type":"Point","coordinates":[-74.16457,40.5446]},"properties":{"kind":"station","system":"NYC Subway","name":"Eltingville","refs":"SIR"}},{"type":"Feature","geometry":{"type":"Point","coordinates":[-74.17822,40.54046]},"properties":{"kind":"station","system":"NYC Subway","name":"Annadale","refs":"SIR"}},{"type":"Feature","geometry":{"type":"Point","coordinates":[-74.19179,40.53367]},"properties":{"kind":"station","system":"NYC Subway","name":"Huguenot","refs":"SIR"}},{"type":"Feature","geometry":{"type":"Point","coordinates":[-74.20006,40.52551]},"properties":{"kind":"station","system":"NYC Subway","name":"Prince's Bay","refs":"SIR"}},{"type":"Feature","geometry":{"type":"Point","coordinates":[-74.21785,40.52241]},"properties":{"kind":"station","system":"NYC Subway","name":"Pleasant Plains","refs":"SIR"}},{"type":"Feature","geometry":{"type":"Point","coordinates":[-74.22914,40.51963]},"properties":{"kind":"station","system":"NYC Subway","name":"Richmond Valley","refs":"SIR"}},{"type":"Feature","geometry":{"type":"Point","coordinates":[-74.2421,40.51658]},"properties":{"kind":"station","system":"NYC Subway","name":"Arthur Kill","refs":"SIR"}},{"type":"Feature","geometry":{"type":"Point","coordinates":[-74.25196,40.51276]},"properties":{"kind":"station","system":"NYC Subway","name":"Tottenville","refs":"SIR"}},{"type":"Feature","geometry":{"type":"LineString","coordinates":[[-74.01206,40.71267],[-74.01217,40.71285],[-74.01287,40.71315],[-74.01424,40.71304],[-74.01859,40.71373],[-74.03142,40.71678],[-74.0341,40.71711],[-74.03715,40.7177],[-74.05324,40.72271],[-74.05406,40.72315],[-74.05541,40.72473],[-74.05664,40.72657],[-74.05724,40.72727],[-74.06089,40.73044],[-74.06278,40.73218],[-74.06315,40.73277],[-74.06307,40.73285],[-74.06381,40.7331],[-74.06617,40.73497],[-74.06703,40.73549],[-74.06889,40.73633],[-74.07259,40.73739],[-74.08088,40.73954],[-74.08604,40.74096],[-74.0872,40.74113],[-74.10351,40.74174],[-74.11762,40.74313],[-74.12629,40.7433],[-74.13646,40.74254],[-74.14193,40.74173],[-74.14546,40.74143],[-74.14897,40.7414],[-74.15138,40.74123],[-74.15249,40.74099],[-74.15402,40.74024],[-74.15854,40.73739],[-74.1623,40.73559],[-74.16374,40.73466]]},"properties":{"kind":"line","system":"PATH","ref":"NWK-WTC","name":"Newark – World Trade Center","color":"#D93A30","text_color":"#FFFFFF"}},{"type":"Feature","geometry":{"type":"LineString","coordinates":[[-74.06322,40.73269],[-74.0631,40.73245],[-74.05694,40.72699],[-74.05649,40.72645],[-74.05542,40.72473],[-74.05386,40.72308],[-74.05342,40.72281],[-74.04244,40.71942],[-74.03825,40.71802],[-74.03747,40.71793],[-74.03712,40.71818],[-74.03657,40.721],[-74.03644,40.72236],[-74.03599,40.72421],[-74.0356,40.72545],[-74.03455,40.72717],[-74.03459,40.72703],[-74.03449,40.72733],[-74.03447,40.72768],[-74.03472,40.72896],[-74.03394,40.73262],[-74.03381,40.73371],[-74.0334,40.73484],[-74.03304,40.73529],[-74.03235,40.73558],[-74.03191,40.73562],[-74.03035,40.7355],[-74.02999,40.73552],[-74.02971,40.73553],[-74.02924,40.73561],[-74.0296,40.73555],[-74.03027,40.73549],[-74.0307,40.73554],[-74.03149,40.73568],[-74.03221,40.73567],[-74.03253,40.73561],[-74.03318,40.73527],[-74.03343,40.73503],[-74.03391,40.73363],[-74.03394,40.73293],[-74.03384,40.73267],[-74.03364,40.73233],[-74.03299,40.73193],[-74.03264,40.73182],[-74.02829,40.73157],[-74.02151,40.73133],[-74.01384,40.73129],[-74.011,40.7312],[-74.01021,40.73125],[-74.0082,40.73111],[-74.00796,40.73128],[-74.00759,40.73252],[-74.00748,40.73274],[-74.00731,40.73287],[-74.00082,40.7339],[-73.99915,40.73426],[-73.98829,40.74914]]},"properties":{"kind":"line","system":"PATH","ref":"JSQ-33","name":"Journal Square – 33rd Street","color":"#FF9900","text_color":"#000000"}},{"type":"Feature","geometry":{"type":"LineString","coordinates":[[-73.98827,40.74911],[-73.99914,40.73426],[-73.9993,40.73416],[-74.00069,40.73392],[-74.0074,40.73285],[-74.00752,40.73274],[-74.00798,40.73124],[-74.00812,40.73115],[-74.01199,40.73127],[-74.02044,40.7313],[-74.02929,40.7316],[-74.03256,40.7318],[-74.03297,40.73188],[-74.03329,40.73203],[-74.0337,40.73241],[-74.03393,40.73292],[-74.03391,40.73332],[-74.03342,40.7348],[-74.03291,40.73534],[-74.03225,40.7356],[-74.03031,40.73547],[-74.02915,40.73563]]},"properties":{"kind":"line","system":"PATH","ref":"HOB-33","name":"Hoboken – 33rd Street","color":"#4D92FB","text_color":"#FFFFFF"}},{"type":"Feature","geometry":{"type":"MultiLineString","coordinates":[[[-74.01206,40.71258],[-74.01219,40.71285],[-74.01297,40.71318],[-74.01414,40.71303],[-74.01664,40.71337],[-74.02949,40.71625]],[[-74.02919,40.73563],[-74.0323,40.73558],[-74.03308,40.73525],[-74.03344,40.73477],[-74.03394,40.73312],[-74.03412,40.73163],[-74.03458,40.7298],[-74.03469,40.72905],[-74.03448,40.7274],[-74.0346,40.72699],[-74.03543,40.72574],[-74.03573,40.72483],[-74.03691,40.71914],[-74.03697,40.71818],[-74.0367,40.71774],[-74.03391,40.7167],[-74.03248,40.71654],[-74.02982,40.71602],[-74.0253,40.7147],[-74.02065,40.71323],[-74.01689,40.71226],[-74.0145,40.7119],[-74.01415,40.7117],[-74.01408,40.71122],[-74.01395,40.71101],[-74.01336,40.71069],[-74.01303,40.71064],[-74.01259,40.71088],[-74.01241,40.71134],[-74.01217,40.71268]]]},"properties":{"kind":"line","system":"PATH","ref":"HOB-WTC","name":"Hoboken – World Trade Center","color":"#65C100","text_color":"#FFFFFF"}},{"type":"Feature","geometry":{"type":"Point","coordinates":[-74.16375,40.73454]},"properties":{"kind":"station","system":"PATH","name":"Newark","refs":"NWK-WTC"}},{"type":"Feature","geometry":{"type":"Point","coordinates":[-74.15587,40.73942]},"properties":{"kind":"station","system":"PATH","name":"Harrison","refs":"NWK-WTC"}},{"type":"Feature","geometry":{"type":"Point","coordinates":[-74.06289,40.73301]},"properties":{"kind":"station","system":"PATH","name":"Journal Square","refs":"NWK-WTC,JSQ-33"}},{"type":"Feature","geometry":{"type":"Point","coordinates":[-74.04245,40.71966]},"properties":{"kind":"station","system":"PATH","name":"Grove Street","refs":"NWK-WTC,JSQ-33"}},{"type":"Feature","geometry":{"type":"Point","coordinates":[-74.03238,40.71676]},"properties":{"kind":"station","system":"PATH","name":"Exchange Place","refs":"NWK-WTC,HOB-WTC"}},{"type":"Feature","geometry":{"type":"Point","coordinates":[-74.01193,40.71271]},"properties":{"kind":"station","system":"PATH","name":"World Trade Center","refs":"NWK-WTC,HOB-WTC"}},{"type":"Feature","geometry":{"type":"Point","coordinates":[-73.98827,40.74912]},"properties":{"kind":"station","system":"PATH","name":"33rd Street","refs":"JSQ-33,HOB-33"}},{"type":"Feature","geometry":{"type":"Point","coordinates":[-73.99684,40.73735]},"properties":{"kind":"station","system":"PATH","name":"14th Street","refs":"JSQ-33,HOB-33"}},{"type":"Feature","geometry":{"type":"Point","coordinates":[-74.00707,40.73295]},"properties":{"kind":"station","system":"PATH","name":"Christopher Street","refs":"JSQ-33,HOB-33"}},{"type":"Feature","geometry":{"type":"Point","coordinates":[-74.02922,40.73586]},"properties":{"kind":"station","system":"PATH","name":"Hoboken","refs":"JSQ-33,HOB-33,HOB-WTC"}},{"type":"Feature","geometry":{"type":"Point","coordinates":[-74.03383,40.72699]},"properties":{"kind":"station","system":"PATH","name":"Newport","refs":"JSQ-33,HOB-WTC"}},{"type":"Feature","geometry":{"type":"Point","coordinates":[-73.99278,40.7429]},"properties":{"kind":"station","system":"PATH","name":"23rd Street","refs":"JSQ-33,HOB-33"}},{"type":"Feature","geometry":{"type":"Point","coordinates":[-73.9991,40.73424]},"properties":{"kind":"station","system":"PATH","name":"9th Street","refs":"JSQ-33,HOB-33"}}]}